

Microchip MPLAB XC8 Assembler V3.10 build 20250813170317 
                                                                                               Fri Aug 14 09:53:43 2026

Microchip MPLAB XC8 C Compiler v3.10 (Free license) build 20250813170317 Og1 
     1                           	processor	16F887
     2                           	pagewidth 120
     3                           	opt	flic
     4                           	psect	cinit,global,class=CODE,space=0,merge=1,delta=2
     5                           	psect	cstackCOMMON,global,class=COMMON,space=1,delta=1,noexec
     6                           	psect	cstackBANK0,global,class=BANK0,space=1,delta=1,noexec
     7                           	psect	maintext,global,class=CODE,space=0,split=1,delta=2
     8                           	psect	text1,local,class=CODE,space=0,merge=1,delta=2
     9                           	psect	text2,local,class=CODE,space=0,merge=1,delta=2
    10                           	psect	text3,local,class=CODE,space=0,merge=1,delta=2
    11                           	psect	text4,local,class=CODE,space=0,merge=1,delta=2
    12                           	psect	text5,local,class=CODE,space=0,merge=1,delta=2
    13                           	psect	text6,local,class=CODE,space=0,merge=1,delta=2
    14                           	psect	config,global,abs,ovrld,class=CONFIG,space=4,delta=2,noexec
    15                           	dabs	1,0x7E,2
    16     0000                     
    17                           ; Generated 12/10/2023 GMT
    18                           ; 
    19                           ; Copyright © 2023, Microchip Technology Inc. and its subsidiaries ("Microchip")
    20                           ; All rights reserved.
    21                           ; 
    22                           ; This software is developed by Microchip Technology Inc. and its subsidiaries ("Microch
      +                          ip").
    23                           ; 
    24                           ; Redistribution and use in source and binary forms, with or without modification, are
    25                           ; permitted provided that the following conditions are met:
    26                           ; 
    27                           ;     1. Redistributions of source code must retain the above copyright notice, this lis
      +                          t of
    28                           ;        conditions and the following disclaimer.
    29                           ; 
    30                           ;     2. Redistributions in binary form must reproduce the above copyright notice, this 
      +                          list
    31                           ;        of conditions and the following disclaimer in the documentation and/or other
    32                           ;        materials provided with the distribution. Publication is not required when
    33                           ;        this file is used in an embedded application.
    34                           ; 
    35                           ;     3. Microchip's name may not be used to endorse or promote products derived from th
      +                          is
    36                           ;        software without specific prior written permission.
    37                           ; 
    38                           ; THIS SOFTWARE IS PROVIDED BY MICROCHIP "AS IS" AND ANY EXPRESS OR IMPLIED WARRANTIES,
    39                           ; INCLUDING, BUT NOT LIMITED TO, THE IMPLIED WARRANTIES OF MERCHANTABILITY AND FITNESS F
      +                          OR
    40                           ; PURPOSE ARE DISCLAIMED.  IN NO EVENT SHALL MICROCHIP BE LIABLE FOR ANY DIRECT, INDIREC
      +                          T,
    41                           ; INCIDENTAL, SPECIAL, EXEMPLARY, OR CONSEQUENTIAL DAMAGES (INCLUDING BUT NOT LIMITED TO
    42                           ; PROCUREMENT OF SUBSTITUTE GOODS OR SERVICES; LOSS OF USE, DATA OR PROFITS; OR BUSINESS
    43                           ; INTERRUPTION) HOWSOEVER CAUSED AND ON ANY THEORY OF LIABILITY, WHETHER IN CONTRACT, ST
      +                          RICT
    44                           ; LIABILITY, OR TORT (INCLUDING NEGLIGENCE OR OTHERWISE) ARISING IN ANY WAY OUT OF THE U
      +                          SE OF
    45                           ; THIS SOFTWARE, EVEN IF ADVISED OF THE POSSIBILITY OF SUCH DAMAGE.
    46                           ; 
    47                           ; 
    48                           ; Code-generator required, PIC16F887 Definitions
    49                           ; 
    50                           ; SFR Addresses
    51     0004                     fsr             equ	4
    52     0004                     fsr0            equ	4
    53     0000                     indf            equ	0
    54     0000                     indf0           equ	0
    55     0002                     pc              equ	2
    56     0002                     pcl             equ	2
    57     000A                     pclath          equ	10
    58     0003                     status          equ	3
    59     0000                     INDF            equ	0	;# 
    60     0001                     TMR0            equ	1	;# 
    61     0002                     PCL             equ	2	;# 
    62     0003                     STATUS          equ	3	;# 
    63     0004                     FSR             equ	4	;# 
    64     0005                     PORTA           equ	5	;# 
    65     0006                     PORTB           equ	6	;# 
    66     0007                     PORTC           equ	7	;# 
    67     0008                     PORTD           equ	8	;# 
    68     0009                     PORTE           equ	9	;# 
    69     000A                     PCLATH          equ	10	;# 
    70     000B                     INTCON          equ	11	;# 
    71     000C                     PIR1            equ	12	;# 
    72     000D                     PIR2            equ	13	;# 
    73     000E                     TMR1            equ	14	;# 
    74     000E                     TMR1L           equ	14	;# 
    75     000F                     TMR1H           equ	15	;# 
    76     0010                     T1CON           equ	16	;# 
    77     0011                     TMR2            equ	17	;# 
    78     0012                     T2CON           equ	18	;# 
    79     0013                     SSPBUF          equ	19	;# 
    80     0014                     SSPCON          equ	20	;# 
    81     0015                     CCPR1           equ	21	;# 
    82     0015                     CCPR1L          equ	21	;# 
    83     0016                     CCPR1H          equ	22	;# 
    84     0017                     CCP1CON         equ	23	;# 
    85     0018                     RCSTA           equ	24	;# 
    86     0019                     TXREG           equ	25	;# 
    87     001A                     RCREG           equ	26	;# 
    88     001B                     CCPR2           equ	27	;# 
    89     001B                     CCPR2L          equ	27	;# 
    90     001C                     CCPR2H          equ	28	;# 
    91     001D                     CCP2CON         equ	29	;# 
    92     001E                     ADRESH          equ	30	;# 
    93     001F                     ADCON0          equ	31	;# 
    94     0081                     OPTION_REG      equ	129	;# 
    95     0085                     TRISA           equ	133	;# 
    96     0086                     TRISB           equ	134	;# 
    97     0087                     TRISC           equ	135	;# 
    98     0088                     TRISD           equ	136	;# 
    99     0089                     TRISE           equ	137	;# 
   100     008C                     PIE1            equ	140	;# 
   101     008D                     PIE2            equ	141	;# 
   102     008E                     PCON            equ	142	;# 
   103     008F                     OSCCON          equ	143	;# 
   104     0090                     OSCTUNE         equ	144	;# 
   105     0091                     SSPCON2         equ	145	;# 
   106     0092                     PR2             equ	146	;# 
   107     0093                     SSPADD          equ	147	;# 
   108     0093                     SSPMSK          equ	147	;# 
   109     0093                     MSK             equ	147	;# 
   110     0094                     SSPSTAT         equ	148	;# 
   111     0095                     WPUB            equ	149	;# 
   112     0096                     IOCB            equ	150	;# 
   113     0097                     VRCON           equ	151	;# 
   114     0098                     TXSTA           equ	152	;# 
   115     0099                     SPBRG           equ	153	;# 
   116     009A                     SPBRGH          equ	154	;# 
   117     009B                     PWM1CON         equ	155	;# 
   118     009C                     ECCPAS          equ	156	;# 
   119     009D                     PSTRCON         equ	157	;# 
   120     009E                     ADRESL          equ	158	;# 
   121     009F                     ADCON1          equ	159	;# 
   122     0105                     WDTCON          equ	261	;# 
   123     0107                     CM1CON0         equ	263	;# 
   124     0108                     CM2CON0         equ	264	;# 
   125     0109                     CM2CON1         equ	265	;# 
   126     010C                     EEDATA          equ	268	;# 
   127     010C                     EEDAT           equ	268	;# 
   128     010D                     EEADR           equ	269	;# 
   129     010E                     EEDATH          equ	270	;# 
   130     010F                     EEADRH          equ	271	;# 
   131     0185                     SRCON           equ	389	;# 
   132     0187                     BAUDCTL         equ	391	;# 
   133     0188                     ANSEL           equ	392	;# 
   134     0189                     ANSELH          equ	393	;# 
   135     018C                     EECON1          equ	396	;# 
   136     018D                     EECON2          equ	397	;# 
   137     0000                     INDF            equ	0	;# 
   138     0001                     TMR0            equ	1	;# 
   139     0002                     PCL             equ	2	;# 
   140     0003                     STATUS          equ	3	;# 
   141     0004                     FSR             equ	4	;# 
   142     0005                     PORTA           equ	5	;# 
   143     0006                     PORTB           equ	6	;# 
   144     0007                     PORTC           equ	7	;# 
   145     0008                     PORTD           equ	8	;# 
   146     0009                     PORTE           equ	9	;# 
   147     000A                     PCLATH          equ	10	;# 
   148     000B                     INTCON          equ	11	;# 
   149     000C                     PIR1            equ	12	;# 
   150     000D                     PIR2            equ	13	;# 
   151     000E                     TMR1            equ	14	;# 
   152     000E                     TMR1L           equ	14	;# 
   153     000F                     TMR1H           equ	15	;# 
   154     0010                     T1CON           equ	16	;# 
   155     0011                     TMR2            equ	17	;# 
   156     0012                     T2CON           equ	18	;# 
   157     0013                     SSPBUF          equ	19	;# 
   158     0014                     SSPCON          equ	20	;# 
   159     0015                     CCPR1           equ	21	;# 
   160     0015                     CCPR1L          equ	21	;# 
   161     0016                     CCPR1H          equ	22	;# 
   162     0017                     CCP1CON         equ	23	;# 
   163     0018                     RCSTA           equ	24	;# 
   164     0019                     TXREG           equ	25	;# 
   165     001A                     RCREG           equ	26	;# 
   166     001B                     CCPR2           equ	27	;# 
   167     001B                     CCPR2L          equ	27	;# 
   168     001C                     CCPR2H          equ	28	;# 
   169     001D                     CCP2CON         equ	29	;# 
   170     001E                     ADRESH          equ	30	;# 
   171     001F                     ADCON0          equ	31	;# 
   172     0081                     OPTION_REG      equ	129	;# 
   173     0085                     TRISA           equ	133	;# 
   174     0086                     TRISB           equ	134	;# 
   175     0087                     TRISC           equ	135	;# 
   176     0088                     TRISD           equ	136	;# 
   177     0089                     TRISE           equ	137	;# 
   178     008C                     PIE1            equ	140	;# 
   179     008D                     PIE2            equ	141	;# 
   180     008E                     PCON            equ	142	;# 
   181     008F                     OSCCON          equ	143	;# 
   182     0090                     OSCTUNE         equ	144	;# 
   183     0091                     SSPCON2         equ	145	;# 
   184     0092                     PR2             equ	146	;# 
   185     0093                     SSPADD          equ	147	;# 
   186     0093                     SSPMSK          equ	147	;# 
   187     0093                     MSK             equ	147	;# 
   188     0094                     SSPSTAT         equ	148	;# 
   189     0095                     WPUB            equ	149	;# 
   190     0096                     IOCB            equ	150	;# 
   191     0097                     VRCON           equ	151	;# 
   192     0098                     TXSTA           equ	152	;# 
   193     0099                     SPBRG           equ	153	;# 
   194     009A                     SPBRGH          equ	154	;# 
   195     009B                     PWM1CON         equ	155	;# 
   196     009C                     ECCPAS          equ	156	;# 
   197     009D                     PSTRCON         equ	157	;# 
   198     009E                     ADRESL          equ	158	;# 
   199     009F                     ADCON1          equ	159	;# 
   200     0105                     WDTCON          equ	261	;# 
   201     0107                     CM1CON0         equ	263	;# 
   202     0108                     CM2CON0         equ	264	;# 
   203     0109                     CM2CON1         equ	265	;# 
   204     010C                     EEDATA          equ	268	;# 
   205     010C                     EEDAT           equ	268	;# 
   206     010D                     EEADR           equ	269	;# 
   207     010E                     EEDATH          equ	270	;# 
   208     010F                     EEADRH          equ	271	;# 
   209     0185                     SRCON           equ	389	;# 
   210     0187                     BAUDCTL         equ	391	;# 
   211     0188                     ANSEL           equ	392	;# 
   212     0189                     ANSELH          equ	393	;# 
   213     018C                     EECON1          equ	396	;# 
   214     018D                     EECON2          equ	397	;# 
   215     0000                     INDF            equ	0	;# 
   216     0001                     TMR0            equ	1	;# 
   217     0002                     PCL             equ	2	;# 
   218     0003                     STATUS          equ	3	;# 
   219     0004                     FSR             equ	4	;# 
   220     0005                     PORTA           equ	5	;# 
   221     0006                     PORTB           equ	6	;# 
   222     0007                     PORTC           equ	7	;# 
   223     0008                     PORTD           equ	8	;# 
   224     0009                     PORTE           equ	9	;# 
   225     000A                     PCLATH          equ	10	;# 
   226     000B                     INTCON          equ	11	;# 
   227     000C                     PIR1            equ	12	;# 
   228     000D                     PIR2            equ	13	;# 
   229     000E                     TMR1            equ	14	;# 
   230     000E                     TMR1L           equ	14	;# 
   231     000F                     TMR1H           equ	15	;# 
   232     0010                     T1CON           equ	16	;# 
   233     0011                     TMR2            equ	17	;# 
   234     0012                     T2CON           equ	18	;# 
   235     0013                     SSPBUF          equ	19	;# 
   236     0014                     SSPCON          equ	20	;# 
   237     0015                     CCPR1           equ	21	;# 
   238     0015                     CCPR1L          equ	21	;# 
   239     0016                     CCPR1H          equ	22	;# 
   240     0017                     CCP1CON         equ	23	;# 
   241     0018                     RCSTA           equ	24	;# 
   242     0019                     TXREG           equ	25	;# 
   243     001A                     RCREG           equ	26	;# 
   244     001B                     CCPR2           equ	27	;# 
   245     001B                     CCPR2L          equ	27	;# 
   246     001C                     CCPR2H          equ	28	;# 
   247     001D                     CCP2CON         equ	29	;# 
   248     001E                     ADRESH          equ	30	;# 
   249     001F                     ADCON0          equ	31	;# 
   250     0081                     OPTION_REG      equ	129	;# 
   251     0085                     TRISA           equ	133	;# 
   252     0086                     TRISB           equ	134	;# 
   253     0087                     TRISC           equ	135	;# 
   254     0088                     TRISD           equ	136	;# 
   255     0089                     TRISE           equ	137	;# 
   256     008C                     PIE1            equ	140	;# 
   257     008D                     PIE2            equ	141	;# 
   258     008E                     PCON            equ	142	;# 
   259     008F                     OSCCON          equ	143	;# 
   260     0090                     OSCTUNE         equ	144	;# 
   261     0091                     SSPCON2         equ	145	;# 
   262     0092                     PR2             equ	146	;# 
   263     0093                     SSPADD          equ	147	;# 
   264     0093                     SSPMSK          equ	147	;# 
   265     0093                     MSK             equ	147	;# 
   266     0094                     SSPSTAT         equ	148	;# 
   267     0095                     WPUB            equ	149	;# 
   268     0096                     IOCB            equ	150	;# 
   269     0097                     VRCON           equ	151	;# 
   270     0098                     TXSTA           equ	152	;# 
   271     0099                     SPBRG           equ	153	;# 
   272     009A                     SPBRGH          equ	154	;# 
   273     009B                     PWM1CON         equ	155	;# 
   274     009C                     ECCPAS          equ	156	;# 
   275     009D                     PSTRCON         equ	157	;# 
   276     009E                     ADRESL          equ	158	;# 
   277     009F                     ADCON1          equ	159	;# 
   278     0105                     WDTCON          equ	261	;# 
   279     0107                     CM1CON0         equ	263	;# 
   280     0108                     CM2CON0         equ	264	;# 
   281     0109                     CM2CON1         equ	265	;# 
   282     010C                     EEDATA          equ	268	;# 
   283     010C                     EEDAT           equ	268	;# 
   284     010D                     EEADR           equ	269	;# 
   285     010E                     EEDATH          equ	270	;# 
   286     010F                     EEADRH          equ	271	;# 
   287     0185                     SRCON           equ	389	;# 
   288     0187                     BAUDCTL         equ	391	;# 
   289     0188                     ANSEL           equ	392	;# 
   290     0189                     ANSELH          equ	393	;# 
   291     018C                     EECON1          equ	396	;# 
   292     018D                     EECON2          equ	397	;# 
   293     0000                     INDF            equ	0	;# 
   294     0001                     TMR0            equ	1	;# 
   295     0002                     PCL             equ	2	;# 
   296     0003                     STATUS          equ	3	;# 
   297     0004                     FSR             equ	4	;# 
   298     0005                     PORTA           equ	5	;# 
   299     0006                     PORTB           equ	6	;# 
   300     0007                     PORTC           equ	7	;# 
   301     0008                     PORTD           equ	8	;# 
   302     0009                     PORTE           equ	9	;# 
   303     000A                     PCLATH          equ	10	;# 
   304     000B                     INTCON          equ	11	;# 
   305     000C                     PIR1            equ	12	;# 
   306     000D                     PIR2            equ	13	;# 
   307     000E                     TMR1            equ	14	;# 
   308     000E                     TMR1L           equ	14	;# 
   309     000F                     TMR1H           equ	15	;# 
   310     0010                     T1CON           equ	16	;# 
   311     0011                     TMR2            equ	17	;# 
   312     0012                     T2CON           equ	18	;# 
   313     0013                     SSPBUF          equ	19	;# 
   314     0014                     SSPCON          equ	20	;# 
   315     0015                     CCPR1           equ	21	;# 
   316     0015                     CCPR1L          equ	21	;# 
   317     0016                     CCPR1H          equ	22	;# 
   318     0017                     CCP1CON         equ	23	;# 
   319     0018                     RCSTA           equ	24	;# 
   320     0019                     TXREG           equ	25	;# 
   321     001A                     RCREG           equ	26	;# 
   322     001B                     CCPR2           equ	27	;# 
   323     001B                     CCPR2L          equ	27	;# 
   324     001C                     CCPR2H          equ	28	;# 
   325     001D                     CCP2CON         equ	29	;# 
   326     001E                     ADRESH          equ	30	;# 
   327     001F                     ADCON0          equ	31	;# 
   328     0081                     OPTION_REG      equ	129	;# 
   329     0085                     TRISA           equ	133	;# 
   330     0086                     TRISB           equ	134	;# 
   331     0087                     TRISC           equ	135	;# 
   332     0088                     TRISD           equ	136	;# 
   333     0089                     TRISE           equ	137	;# 
   334     008C                     PIE1            equ	140	;# 
   335     008D                     PIE2            equ	141	;# 
   336     008E                     PCON            equ	142	;# 
   337     008F                     OSCCON          equ	143	;# 
   338     0090                     OSCTUNE         equ	144	;# 
   339     0091                     SSPCON2         equ	145	;# 
   340     0092                     PR2             equ	146	;# 
   341     0093                     SSPADD          equ	147	;# 
   342     0093                     SSPMSK          equ	147	;# 
   343     0093                     MSK             equ	147	;# 
   344     0094                     SSPSTAT         equ	148	;# 
   345     0095                     WPUB            equ	149	;# 
   346     0096                     IOCB            equ	150	;# 
   347     0097                     VRCON           equ	151	;# 
   348     0098                     TXSTA           equ	152	;# 
   349     0099                     SPBRG           equ	153	;# 
   350     009A                     SPBRGH          equ	154	;# 
   351     009B                     PWM1CON         equ	155	;# 
   352     009C                     ECCPAS          equ	156	;# 
   353     009D                     PSTRCON         equ	157	;# 
   354     009E                     ADRESL          equ	158	;# 
   355     009F                     ADCON1          equ	159	;# 
   356     0105                     WDTCON          equ	261	;# 
   357     0107                     CM1CON0         equ	263	;# 
   358     0108                     CM2CON0         equ	264	;# 
   359     0109                     CM2CON1         equ	265	;# 
   360     010C                     EEDATA          equ	268	;# 
   361     010C                     EEDAT           equ	268	;# 
   362     010D                     EEADR           equ	269	;# 
   363     010E                     EEDATH          equ	270	;# 
   364     010F                     EEADRH          equ	271	;# 
   365     0185                     SRCON           equ	389	;# 
   366     0187                     BAUDCTL         equ	391	;# 
   367     0188                     ANSEL           equ	392	;# 
   368     0189                     ANSELH          equ	393	;# 
   369     018C                     EECON1          equ	396	;# 
   370     018D                     EECON2          equ	397	;# 
   371     000B                     _INTCONbits     set	11
   372     0009                     _PORTE          set	9
   373     0008                     _PORTD          set	8
   374     0007                     _PORTC          set	7
   375     0006                     _PORTB          set	6
   376     0005                     _PORTA          set	5
   377     0095                     _WPUB           set	149
   378     0081                     _OPTION_REGbits set	129
   379     0089                     _TRISE          set	137
   380     0088                     _TRISD          set	136
   381     0087                     _TRISC          set	135
   382     0086                     _TRISB          set	134
   383     0085                     _TRISA          set	133
   384     0189                     _ANSELH         set	393
   385     0188                     _ANSEL          set	392
   386                           
   387                           	psect	cinit
   388     07FC                     start_initialization:	
   389                           ; #config settings
   390                           
   391     07FC                     __initialization:
   392     07FC                     end_of_initialization:	
   393                           ;End of C runtime variable initialization code
   394                           
   395     07FC                     __end_of__initialization:
   396     07FC  0183               	clrf	3
   397     07FD  120A  118A  2EAD   	ljmp	_main	;jump to C main() function
   398                           
   399                           	psect	cstackCOMMON
   400     0070                     __pcstackCOMMON:
   401     0070                     ?_sys_config:
   402     0070                     ?_HAL_GPIO_ReadPin:	
   403                           ; 1 bytes @ 0x0
   404                           
   405     0070                     ?_HAL_GPIO_WritePin:	
   406                           ; 1 bytes @ 0x0
   407                           
   408     0070                     ?_System_GPIO_Config:	
   409                           ; 1 bytes @ 0x0
   410                           
   411     0070                     ?_main:	
   412                           ; 1 bytes @ 0x0
   413                           
   414     0070                     ?_HAL_GPIO_SetDirection:	
   415                           ; 1 bytes @ 0x0
   416                           
   417     0070                     ?_HAL_GPIO_PullUpEnable:	
   418                           ; 1 bytes @ 0x0
   419                           
   420     0070                     HAL_GPIO_SetDirection@pin:	
   421                           ; 1 bytes @ 0x0
   422                           
   423     0070                     HAL_GPIO_WritePin@pin:	
   424                           ; 1 bytes @ 0x0
   425                           
   426     0070                     HAL_GPIO_ReadPin@pin:	
   427                           ; 1 bytes @ 0x0
   428                           
   429     0070                     ??_HAL_GPIO_PullUpEnable:	
   430                           ; 1 bytes @ 0x0
   431                           
   432                           
   433                           ; 1 bytes @ 0x0
   434     0070                     	ds	1
   435     0071                     HAL_GPIO_SetDirection@dir:
   436     0071                     HAL_GPIO_PullUpEnable@pin:	
   437                           ; 1 bytes @ 0x1
   438                           
   439     0071                     HAL_GPIO_WritePin@state:	
   440                           ; 1 bytes @ 0x1
   441                           
   442     0071                     ??_HAL_GPIO_ReadPin:	
   443                           ; 1 bytes @ 0x1
   444                           
   445                           
   446                           ; 1 bytes @ 0x1
   447     0071                     	ds	1
   448     0072                     ??_HAL_GPIO_WritePin:
   449     0072                     ??_HAL_GPIO_SetDirection:	
   450                           ; 1 bytes @ 0x2
   451                           
   452                           
   453                           ; 1 bytes @ 0x2
   454     0072                     	ds	1
   455     0073                     HAL_GPIO_ReadPin@port:
   456                           
   457                           ; 1 bytes @ 0x3
   458     0073                     	ds	1
   459     0074                     HAL_GPIO_SetDirection@port:
   460     0074                     HAL_GPIO_WritePin@port:	
   461                           ; 1 bytes @ 0x4
   462                           
   463     0074                     HAL_GPIO_ReadPin@bit_status:	
   464                           ; 1 bytes @ 0x4
   465                           
   466                           
   467                           ; 1 bytes @ 0x4
   468     0074                     	ds	1
   469     0075                     ??_sys_config:
   470     0075                     ??_System_GPIO_Config:	
   471                           ; 1 bytes @ 0x5
   472                           
   473     0075                     ??_main:	
   474                           ; 1 bytes @ 0x5
   475                           
   476                           
   477                           ; 1 bytes @ 0x5
   478     0075                     	ds	2
   479                           
   480                           	psect	cstackBANK0
   481     0020                     __pcstackBANK0:
   482     0020                     main@i:
   483                           
   484                           ; 2 bytes @ 0x0
   485     0020                     	ds	2
   486     0022                     main@i_72:
   487                           
   488                           ; 2 bytes @ 0x2
   489     0022                     	ds	2
   490     0024                     main@i_73:
   491                           
   492                           ; 2 bytes @ 0x4
   493     0024                     	ds	2
   494     0026                     main@bt1:
   495                           
   496                           ; 1 bytes @ 0x6
   497     0026                     	ds	1
   498     0027                     main@bt2:
   499                           
   500                           ; 1 bytes @ 0x7
   501     0027                     	ds	1
   502     0028                     main@bt3:
   503                           
   504                           ; 1 bytes @ 0x8
   505     0028                     	ds	1
   506                           
   507                           	psect	maintext
   508     06AD                     __pmaintext:	
   509 ;;
   510 ;;Main: autosize = 0, tempsize = 2, incstack = 0, save=0
   511 ;;
   512 ;; *************** function _main *****************
   513 ;; Defined at:
   514 ;;		line 198 in file "main.c"
   515 ;; Parameters:    Size  Location     Type
   516 ;;		None
   517 ;; Auto vars:     Size  Location     Type
   518 ;;  i               2    4[BANK0 ] unsigned short 
   519 ;;  i               2    2[BANK0 ] unsigned short 
   520 ;;  i               2    0[BANK0 ] unsigned short 
   521 ;;  bt3             1    8[BANK0 ] _Bool 
   522 ;;  bt2             1    7[BANK0 ] _Bool 
   523 ;;  bt1             1    6[BANK0 ] _Bool 
   524 ;; Return value:  Size  Location     Type
   525 ;;                  1    wreg      void 
   526 ;; Registers used:
   527 ;;		wreg, fsr0l, fsr0h, status,2, status,0, pclath, cstack
   528 ;; Tracked objects:
   529 ;;		On entry : B00/0
   530 ;;		On exit  : 0/0
   531 ;;		Unchanged: 0/0
   532 ;; Data sizes:     COMMON   BANK0   BANK1   BANK3   BANK2
   533 ;;      Params:         0       0       0       0       0
   534 ;;      Locals:         0       9       0       0       0
   535 ;;      Temps:          2       0       0       0       0
   536 ;;      Totals:         2       9       0       0       0
   537 ;;Total ram usage:       11 bytes
   538 ;; Hardware stack levels required when called: 3
   539 ;; This function calls:
   540 ;;		_HAL_GPIO_ReadPin
   541 ;;		_HAL_GPIO_WritePin
   542 ;;		_sys_config
   543 ;; This function is called by:
   544 ;;		Startup code after reset
   545 ;; This function uses a non-reentrant model
   546 ;;
   547                           
   548     06AD                     _main:	
   549                           ;psect for function _main
   550                           
   551     06AD                     l1142:	
   552                           ;incstack = 0
   553                           ; Regs used in _main: [wreg-fsr0h+status,2+status,0+pclath+cstack]
   554                           
   555                           
   556                           ;main.c: 199:     sys_config();
   557     06AD  120A  118A  239E  120A  118A  	fcall	_sys_config
   558     06B2                     l13:	
   559                           ;main.c: 200:     while (1) {
   560                           
   561                           
   562                           ;main.c: 201:               _Bool bt1 = (HAL_GPIO_ReadPin(PORT_B, PIN_3) == GPIO_LOW);
   563     06B2  3003               	movlw	3
   564     06B3  00F0               	movwf	HAL_GPIO_ReadPin@pin
   565     06B4  3001               	movlw	1
   566     06B5  120A  118A  241F  120A  118A  	fcall	_HAL_GPIO_ReadPin
   567     06BA  3A00               	xorlw	0
   568     06BB  1903               	skipnz
   569     06BC  2EBE               	goto	u1401
   570     06BD  2EC0               	goto	u1400
   571     06BE                     u1401:
   572     06BE  3001               	movlw	1
   573     06BF  2EC1               	goto	u1410
   574     06C0                     u1400:
   575     06C0  3000               	movlw	0
   576     06C1                     u1410:
   577     06C1  1283               	bcf	3,5	;RP0=0, select bank0
   578     06C2  1303               	bcf	3,6	;RP1=0, select bank0
   579     06C3  00A6               	movwf	main@bt1
   580                           
   581                           ;main.c: 202:              _Bool bt2 = (HAL_GPIO_ReadPin(PORT_B, PIN_4) == GPIO_LOW);
   582     06C4  3004               	movlw	4
   583     06C5  00F0               	movwf	HAL_GPIO_ReadPin@pin
   584     06C6  3001               	movlw	1
   585     06C7  120A  118A  241F  120A  118A  	fcall	_HAL_GPIO_ReadPin
   586     06CC  3A00               	xorlw	0
   587     06CD  1903               	skipnz
   588     06CE  2ED0               	goto	u1421
   589     06CF  2ED2               	goto	u1420
   590     06D0                     u1421:
   591     06D0  3001               	movlw	1
   592     06D1  2ED3               	goto	u1430
   593     06D2                     u1420:
   594     06D2  3000               	movlw	0
   595     06D3                     u1430:
   596     06D3  1283               	bcf	3,5	;RP0=0, select bank0
   597     06D4  1303               	bcf	3,6	;RP1=0, select bank0
   598     06D5  00A7               	movwf	main@bt2
   599                           
   600                           ;main.c: 203:              _Bool bt3 = (HAL_GPIO_ReadPin(PORT_B, PIN_5) == GPIO_LOW);
   601     06D6  3005               	movlw	5
   602     06D7  00F0               	movwf	HAL_GPIO_ReadPin@pin
   603     06D8  3001               	movlw	1
   604     06D9  120A  118A  241F  120A  118A  	fcall	_HAL_GPIO_ReadPin
   605     06DE  3A00               	xorlw	0
   606     06DF  1903               	skipnz
   607     06E0  2EE2               	goto	u1441
   608     06E1  2EE4               	goto	u1440
   609     06E2                     u1441:
   610     06E2  3001               	movlw	1
   611     06E3  2EE5               	goto	u1450
   612     06E4                     u1440:
   613     06E4  3000               	movlw	0
   614     06E5                     u1450:
   615     06E5  1283               	bcf	3,5	;RP0=0, select bank0
   616     06E6  1303               	bcf	3,6	;RP1=0, select bank0
   617     06E7  00A8               	movwf	main@bt3
   618     06E8                     l1144:
   619                           
   620                           ;main.c: 205:              if (bt1 || bt2 || bt3) {
   621     06E8  0826               	movf	main@bt1,w
   622     06E9  1D03               	btfss	3,2
   623     06EA  2EEC               	goto	u1461
   624     06EB  2EED               	goto	u1460
   625     06EC                     u1461:
   626     06EC  2EF7               	goto	l1150
   627     06ED                     u1460:
   628     06ED                     l1146:
   629     06ED  0827               	movf	main@bt2,w
   630     06EE  1D03               	btfss	3,2
   631     06EF  2EF1               	goto	u1471
   632     06F0  2EF2               	goto	u1470
   633     06F1                     u1471:
   634     06F1  2EF7               	goto	l1150
   635     06F2                     u1470:
   636     06F2                     l1148:
   637     06F2  0828               	movf	main@bt3,w
   638     06F3  1903               	btfsc	3,2
   639     06F4  2EF6               	goto	u1481
   640     06F5  2EF7               	goto	u1480
   641     06F6                     u1481:
   642     06F6  2EB2               	goto	l13
   643     06F7                     u1480:
   644     06F7                     l1150:
   645                           
   646                           ;main.c: 206:                  _delay((unsigned long)((20)*(20000000/4000.0)));
   647     06F7  3082               	movlw	130
   648     06F8  00F6               	movwf	??_main+1
   649     06F9  30DD               	movlw	221
   650     06FA  00F5               	movwf	??_main
   651     06FB                     u1617:
   652     06FB  0BF5               	decfsz	??_main,f
   653     06FC  2EFB               	goto	u1617
   654     06FD  0BF6               	decfsz	??_main+1,f
   655     06FE  2EFB               	goto	u1617
   656     06FF  2F00               	nop2
   657     0700                     l1152:
   658                           
   659                           ;main.c: 208:                  if (bt1 && HAL_GPIO_ReadPin(PORT_B, PIN_3) == GPIO_LOW) {
   660     0700  1283               	bcf	3,5	;RP0=0, select bank0
   661     0701  1303               	bcf	3,6	;RP1=0, select bank0
   662     0702  0826               	movf	main@bt1,w
   663     0703  1903               	btfsc	3,2
   664     0704  2F06               	goto	u1491
   665     0705  2F07               	goto	u1490
   666     0706                     u1491:
   667     0706  2F53               	goto	l1170
   668     0707                     u1490:
   669     0707                     l1154:
   670     0707  3003               	movlw	3
   671     0708  00F0               	movwf	HAL_GPIO_ReadPin@pin
   672     0709  3001               	movlw	1
   673     070A  120A  118A  241F  120A  118A  	fcall	_HAL_GPIO_ReadPin
   674     070F  3A00               	xorlw	0
   675     0710  1D03               	skipz
   676     0711  2F13               	goto	u1501
   677     0712  2F14               	goto	u1500
   678     0713                     u1501:
   679     0713  2F53               	goto	l1170
   680     0714                     u1500:
   681     0714                     l1156:
   682                           
   683                           ;main.c: 209:                      HAL_GPIO_WritePin(PORT_D, PIN_2, GPIO_HIGH);
   684     0714  3002               	movlw	2
   685     0715  00F0               	movwf	HAL_GPIO_WritePin@pin
   686     0716  01F1               	clrf	HAL_GPIO_WritePin@state
   687     0717  0AF1               	incf	HAL_GPIO_WritePin@state,f
   688     0718  3003               	movlw	3
   689     0719  120A  118A  24AD  120A  118A  	fcall	_HAL_GPIO_WritePin
   690     071E                     l1158:
   691                           
   692                           ;main.c: 210:                      for (uint16_t i = 0; i < 500; i++) { _delay((unsigned
      +                           long)((10)*(20000000/4000.0))); }
   693     071E  1283               	bcf	3,5	;RP0=0, select bank0
   694     071F  1303               	bcf	3,6	;RP1=0, select bank0
   695     0720  01A0               	clrf	main@i
   696     0721  01A1               	clrf	main@i+1
   697     0722                     l1164:
   698     0722  3041               	movlw	65
   699     0723  00F6               	movwf	??_main+1
   700     0724  30EE               	movlw	238
   701     0725  00F5               	movwf	??_main
   702     0726                     u1627:
   703     0726  0BF5               	decfsz	??_main,f
   704     0727  2F26               	goto	u1627
   705     0728  0BF6               	decfsz	??_main+1,f
   706     0729  2F26               	goto	u1627
   707     072A  0000               	nop
   708     072B  3001               	movlw	1
   709     072C  1283               	bcf	3,5	;RP0=0, select bank0
   710     072D  1303               	bcf	3,6	;RP1=0, select bank0
   711     072E  07A0               	addwf	main@i,f
   712     072F  1803               	skipnc
   713     0730  0AA1               	incf	main@i+1,f
   714     0731  3000               	movlw	0
   715     0732  07A1               	addwf	main@i+1,f
   716     0733  3001               	movlw	1
   717     0734  0221               	subwf	main@i+1,w
   718     0735  30F4               	movlw	244
   719     0736  1903               	skipnz
   720     0737  0220               	subwf	main@i,w
   721     0738  1C03               	skipc
   722     0739  2F3B               	goto	u1511
   723     073A  2F3C               	goto	u1510
   724     073B                     u1511:
   725     073B  2F22               	goto	l1164
   726     073C                     u1510:
   727     073C                     l1166:
   728                           
   729                           ;main.c: 211:                      HAL_GPIO_WritePin(PORT_D, PIN_2, GPIO_LOW);
   730     073C  3002               	movlw	2
   731     073D  00F0               	movwf	HAL_GPIO_WritePin@pin
   732     073E  01F1               	clrf	HAL_GPIO_WritePin@state
   733     073F  3003               	movlw	3
   734     0740  120A  118A  24AD  120A  118A  	fcall	_HAL_GPIO_WritePin
   735     0745                     l1168:	
   736                           ;main.c: 212:                      while (HAL_GPIO_ReadPin(PORT_B, PIN_3) == GPIO_LOW);
   737                           
   738     0745  3003               	movlw	3
   739     0746  00F0               	movwf	HAL_GPIO_ReadPin@pin
   740     0747  3001               	movlw	1
   741     0748  120A  118A  241F  120A  118A  	fcall	_HAL_GPIO_ReadPin
   742     074D  3A00               	xorlw	0
   743     074E  1903               	skipnz
   744     074F  2F51               	goto	u1521
   745     0750  2F52               	goto	u1520
   746     0751                     u1521:
   747     0751  2F45               	goto	l1168
   748     0752                     u1520:
   749     0752  2EB2               	goto	l13
   750     0753                     l1170:
   751     0753  1283               	bcf	3,5	;RP0=0, select bank0
   752     0754  1303               	bcf	3,6	;RP1=0, select bank0
   753     0755  0827               	movf	main@bt2,w
   754     0756  1903               	btfsc	3,2
   755     0757  2F59               	goto	u1531
   756     0758  2F5A               	goto	u1530
   757     0759                     u1531:
   758     0759  2FA6               	goto	l1188
   759     075A                     u1530:
   760     075A                     l1172:
   761     075A  3004               	movlw	4
   762     075B  00F0               	movwf	HAL_GPIO_ReadPin@pin
   763     075C  3001               	movlw	1
   764     075D  120A  118A  241F  120A  118A  	fcall	_HAL_GPIO_ReadPin
   765     0762  3A00               	xorlw	0
   766     0763  1D03               	skipz
   767     0764  2F66               	goto	u1541
   768     0765  2F67               	goto	u1540
   769     0766                     u1541:
   770     0766  2FA6               	goto	l1188
   771     0767                     u1540:
   772     0767                     l1174:
   773                           
   774                           ;main.c: 215:                      HAL_GPIO_WritePin(PORT_D, PIN_3, GPIO_HIGH);
   775     0767  3003               	movlw	3
   776     0768  00F0               	movwf	HAL_GPIO_WritePin@pin
   777     0769  01F1               	clrf	HAL_GPIO_WritePin@state
   778     076A  0AF1               	incf	HAL_GPIO_WritePin@state,f
   779     076B  3003               	movlw	3
   780     076C  120A  118A  24AD  120A  118A  	fcall	_HAL_GPIO_WritePin
   781     0771                     l1176:
   782                           
   783                           ;main.c: 216:                      for (uint16_t i = 0; i < 500; i++) { _delay((unsigned
      +                           long)((10)*(20000000/4000.0))); }
   784     0771  1283               	bcf	3,5	;RP0=0, select bank0
   785     0772  1303               	bcf	3,6	;RP1=0, select bank0
   786     0773  01A2               	clrf	main@i_72
   787     0774  01A3               	clrf	main@i_72+1
   788     0775                     l1182:
   789     0775  3041               	movlw	65
   790     0776  00F6               	movwf	??_main+1
   791     0777  30EE               	movlw	238
   792     0778  00F5               	movwf	??_main
   793     0779                     u1637:
   794     0779  0BF5               	decfsz	??_main,f
   795     077A  2F79               	goto	u1637
   796     077B  0BF6               	decfsz	??_main+1,f
   797     077C  2F79               	goto	u1637
   798     077D  0000               	nop
   799     077E  3001               	movlw	1
   800     077F  1283               	bcf	3,5	;RP0=0, select bank0
   801     0780  1303               	bcf	3,6	;RP1=0, select bank0
   802     0781  07A2               	addwf	main@i_72,f
   803     0782  1803               	skipnc
   804     0783  0AA3               	incf	main@i_72+1,f
   805     0784  3000               	movlw	0
   806     0785  07A3               	addwf	main@i_72+1,f
   807     0786  3001               	movlw	1
   808     0787  0223               	subwf	main@i_72+1,w
   809     0788  30F4               	movlw	244
   810     0789  1903               	skipnz
   811     078A  0222               	subwf	main@i_72,w
   812     078B  1C03               	skipc
   813     078C  2F8E               	goto	u1551
   814     078D  2F8F               	goto	u1550
   815     078E                     u1551:
   816     078E  2F75               	goto	l1182
   817     078F                     u1550:
   818     078F                     l1184:
   819                           
   820                           ;main.c: 217:                      HAL_GPIO_WritePin(PORT_D, PIN_3, GPIO_LOW);
   821     078F  3003               	movlw	3
   822     0790  00F0               	movwf	HAL_GPIO_WritePin@pin
   823     0791  01F1               	clrf	HAL_GPIO_WritePin@state
   824     0792  3003               	movlw	3
   825     0793  120A  118A  24AD  120A  118A  	fcall	_HAL_GPIO_WritePin
   826     0798                     l1186:	
   827                           ;main.c: 218:                      while (HAL_GPIO_ReadPin(PORT_B, PIN_4) == GPIO_LOW);
   828                           
   829     0798  3004               	movlw	4
   830     0799  00F0               	movwf	HAL_GPIO_ReadPin@pin
   831     079A  3001               	movlw	1
   832     079B  120A  118A  241F  120A  118A  	fcall	_HAL_GPIO_ReadPin
   833     07A0  3A00               	xorlw	0
   834     07A1  1903               	skipnz
   835     07A2  2FA4               	goto	u1561
   836     07A3  2FA5               	goto	u1560
   837     07A4                     u1561:
   838     07A4  2F98               	goto	l1186
   839     07A5                     u1560:
   840     07A5  2EB2               	goto	l13
   841     07A6                     l1188:
   842     07A6  1283               	bcf	3,5	;RP0=0, select bank0
   843     07A7  1303               	bcf	3,6	;RP1=0, select bank0
   844     07A8  0828               	movf	main@bt3,w
   845     07A9  1903               	btfsc	3,2
   846     07AA  2FAC               	goto	u1571
   847     07AB  2FAD               	goto	u1570
   848     07AC                     u1571:
   849     07AC  2EB2               	goto	l13
   850     07AD                     u1570:
   851     07AD                     l1190:
   852     07AD  3005               	movlw	5
   853     07AE  00F0               	movwf	HAL_GPIO_ReadPin@pin
   854     07AF  3001               	movlw	1
   855     07B0  120A  118A  241F  120A  118A  	fcall	_HAL_GPIO_ReadPin
   856     07B5  3A00               	xorlw	0
   857     07B6  1D03               	skipz
   858     07B7  2FB9               	goto	u1581
   859     07B8  2FBA               	goto	u1580
   860     07B9                     u1581:
   861     07B9  2EB2               	goto	l13
   862     07BA                     u1580:
   863     07BA                     l1192:
   864                           
   865                           ;main.c: 221:                      HAL_GPIO_WritePin(PORT_D, PIN_7, GPIO_HIGH);
   866     07BA  3007               	movlw	7
   867     07BB  00F0               	movwf	HAL_GPIO_WritePin@pin
   868     07BC  01F1               	clrf	HAL_GPIO_WritePin@state
   869     07BD  0AF1               	incf	HAL_GPIO_WritePin@state,f
   870     07BE  3003               	movlw	3
   871     07BF  120A  118A  24AD  120A  118A  	fcall	_HAL_GPIO_WritePin
   872     07C4                     l1194:
   873                           
   874                           ;main.c: 222:                      for (uint16_t i = 0; i < 500; i++) { _delay((unsigned
      +                           long)((10)*(20000000/4000.0))); }
   875     07C4  1283               	bcf	3,5	;RP0=0, select bank0
   876     07C5  1303               	bcf	3,6	;RP1=0, select bank0
   877     07C6  01A4               	clrf	main@i_73
   878     07C7  01A5               	clrf	main@i_73+1
   879     07C8                     l1200:
   880     07C8  3041               	movlw	65
   881     07C9  00F6               	movwf	??_main+1
   882     07CA  30EE               	movlw	238
   883     07CB  00F5               	movwf	??_main
   884     07CC                     u1647:
   885     07CC  0BF5               	decfsz	??_main,f
   886     07CD  2FCC               	goto	u1647
   887     07CE  0BF6               	decfsz	??_main+1,f
   888     07CF  2FCC               	goto	u1647
   889     07D0  0000               	nop
   890     07D1  3001               	movlw	1
   891     07D2  1283               	bcf	3,5	;RP0=0, select bank0
   892     07D3  1303               	bcf	3,6	;RP1=0, select bank0
   893     07D4  07A4               	addwf	main@i_73,f
   894     07D5  1803               	skipnc
   895     07D6  0AA5               	incf	main@i_73+1,f
   896     07D7  3000               	movlw	0
   897     07D8  07A5               	addwf	main@i_73+1,f
   898     07D9  3001               	movlw	1
   899     07DA  0225               	subwf	main@i_73+1,w
   900     07DB  30F4               	movlw	244
   901     07DC  1903               	skipnz
   902     07DD  0224               	subwf	main@i_73,w
   903     07DE  1C03               	skipc
   904     07DF  2FE1               	goto	u1591
   905     07E0  2FE2               	goto	u1590
   906     07E1                     u1591:
   907     07E1  2FC8               	goto	l1200
   908     07E2                     u1590:
   909     07E2                     l1202:
   910                           
   911                           ;main.c: 223:                      HAL_GPIO_WritePin(PORT_D, PIN_7, GPIO_LOW);
   912     07E2  3007               	movlw	7
   913     07E3  00F0               	movwf	HAL_GPIO_WritePin@pin
   914     07E4  01F1               	clrf	HAL_GPIO_WritePin@state
   915     07E5  3003               	movlw	3
   916     07E6  120A  118A  24AD  120A  118A  	fcall	_HAL_GPIO_WritePin
   917     07EB                     l1204:	
   918                           ;main.c: 224:                      while (HAL_GPIO_ReadPin(PORT_B, PIN_5) == GPIO_LOW);
   919                           
   920     07EB  3005               	movlw	5
   921     07EC  00F0               	movwf	HAL_GPIO_ReadPin@pin
   922     07ED  3001               	movlw	1
   923     07EE  120A  118A  241F  120A  118A  	fcall	_HAL_GPIO_ReadPin
   924     07F3  3A00               	xorlw	0
   925     07F4  1903               	skipnz
   926     07F5  2FF7               	goto	u1601
   927     07F6  2FF8               	goto	u1600
   928     07F7                     u1601:
   929     07F7  2FEB               	goto	l1204
   930     07F8                     u1600:
   931     07F8  2EB2               	goto	l13
   932     07F9  120A  118A  2800   	ljmp	start
   933     07FC                     __end_of_main:
   934                           
   935                           	psect	text1
   936     039E                     __ptext1:	
   937 ;; *************** function _sys_config *****************
   938 ;; Defined at:
   939 ;;		line 7 in file "sys/sys_config.c"
   940 ;; Parameters:    Size  Location     Type
   941 ;;		None
   942 ;; Auto vars:     Size  Location     Type
   943 ;;		None
   944 ;; Return value:  Size  Location     Type
   945 ;;                  1    wreg      void 
   946 ;; Registers used:
   947 ;;		wreg, fsr0l, fsr0h, status,2, status,0, pclath, cstack
   948 ;; Tracked objects:
   949 ;;		On entry : 0/0
   950 ;;		On exit  : 0/0
   951 ;;		Unchanged: 0/0
   952 ;; Data sizes:     COMMON   BANK0   BANK1   BANK3   BANK2
   953 ;;      Params:         0       0       0       0       0
   954 ;;      Locals:         0       0       0       0       0
   955 ;;      Temps:          0       0       0       0       0
   956 ;;      Totals:         0       0       0       0       0
   957 ;;Total ram usage:        0 bytes
   958 ;; Hardware stack levels used: 1
   959 ;; Hardware stack levels required when called: 2
   960 ;; This function calls:
   961 ;;		_System_GPIO_Config
   962 ;; This function is called by:
   963 ;;		_main
   964 ;; This function uses a non-reentrant model
   965 ;;
   966                           
   967     039E                     _sys_config:	
   968                           ;psect for function _sys_config
   969                           
   970     039E                     l1106:	
   971                           ;incstack = 0
   972                           ; Regs used in _sys_config: [wreg-fsr0h+status,2+status,0+pclath+cstack]
   973                           
   974                           
   975                           ;sys/sys_config.c: 9:     INTCONbits.GIE = 0;
   976     039E  138B               	bcf	11,7	;volatile
   977                           
   978                           ;sys/sys_config.c: 10:     INTCONbits.PEIE = 0;
   979     039F  130B               	bcf	11,6	;volatile
   980     03A0                     l1108:
   981                           
   982                           ;sys/sys_config.c: 13:     System_GPIO_Config();
   983     03A0  120A  118A  23B8  120A  118A  	fcall	_System_GPIO_Config
   984     03A5                     l1110:
   985                           
   986                           ;sys/sys_config.c: 17:     INTCONbits.PEIE = 1;
   987     03A5  170B               	bsf	11,6	;volatile
   988     03A6                     l1112:
   989                           
   990                           ;sys/sys_config.c: 18:     INTCONbits.GIE = 1;
   991     03A6  178B               	bsf	11,7	;volatile
   992     03A7                     l151:
   993     03A7  0008               	return
   994     03A8                     __end_of_sys_config:
   995                           
   996                           	psect	text2
   997     03B8                     __ptext2:	
   998 ;; *************** function _System_GPIO_Config *****************
   999 ;; Defined at:
  1000 ;;		line 21 in file "sys/sys_config.c"
  1001 ;; Parameters:    Size  Location     Type
  1002 ;;		None
  1003 ;; Auto vars:     Size  Location     Type
  1004 ;;		None
  1005 ;; Return value:  Size  Location     Type
  1006 ;;                  1    wreg      void 
  1007 ;; Registers used:
  1008 ;;		wreg, fsr0l, fsr0h, status,2, status,0, pclath, cstack
  1009 ;; Tracked objects:
  1010 ;;		On entry : 0/0
  1011 ;;		On exit  : 0/0
  1012 ;;		Unchanged: 0/0
  1013 ;; Data sizes:     COMMON   BANK0   BANK1   BANK3   BANK2
  1014 ;;      Params:         0       0       0       0       0
  1015 ;;      Locals:         0       0       0       0       0
  1016 ;;      Temps:          0       0       0       0       0
  1017 ;;      Totals:         0       0       0       0       0
  1018 ;;Total ram usage:        0 bytes
  1019 ;; Hardware stack levels used: 1
  1020 ;; Hardware stack levels required when called: 1
  1021 ;; This function calls:
  1022 ;;		_HAL_GPIO_PullUpEnable
  1023 ;;		_HAL_GPIO_SetDirection
  1024 ;;		_HAL_GPIO_WritePin
  1025 ;; This function is called by:
  1026 ;;		_sys_config
  1027 ;; This function uses a non-reentrant model
  1028 ;;
  1029                           
  1030     03B8                     _System_GPIO_Config:	
  1031                           ;psect for function _System_GPIO_Config
  1032                           
  1033     03B8                     l1096:	
  1034                           ;incstack = 0
  1035                           ; Regs used in _System_GPIO_Config: [wreg-fsr0h+status,2+status,0+pclath+cstack]
  1036                           
  1037                           
  1038                           ;sys/sys_config.c: 23:     HAL_GPIO_SetDirection(PORT_D, PIN_2, GPIO_DIR_OUTPUT);
  1039     03B8  3002               	movlw	2
  1040     03B9  00F0               	movwf	HAL_GPIO_SetDirection@pin
  1041     03BA  01F1               	clrf	HAL_GPIO_SetDirection@dir
  1042     03BB  3003               	movlw	3
  1043     03BC  120A  118A  2573  120A  118A  	fcall	_HAL_GPIO_SetDirection
  1044                           
  1045                           ;sys/sys_config.c: 24:     HAL_GPIO_SetDirection(PORT_D, PIN_3, GPIO_DIR_OUTPUT);
  1046     03C1  3003               	movlw	3
  1047     03C2  00F0               	movwf	HAL_GPIO_SetDirection@pin
  1048     03C3  01F1               	clrf	HAL_GPIO_SetDirection@dir
  1049     03C4  3003               	movlw	3
  1050     03C5  120A  118A  2573  120A  118A  	fcall	_HAL_GPIO_SetDirection
  1051                           
  1052                           ;sys/sys_config.c: 25:     HAL_GPIO_SetDirection(PORT_D, PIN_7, GPIO_DIR_OUTPUT);
  1053     03CA  3007               	movlw	7
  1054     03CB  00F0               	movwf	HAL_GPIO_SetDirection@pin
  1055     03CC  01F1               	clrf	HAL_GPIO_SetDirection@dir
  1056     03CD  3003               	movlw	3
  1057     03CE  120A  118A  2573  120A  118A  	fcall	_HAL_GPIO_SetDirection
  1058                           
  1059                           ;sys/sys_config.c: 27:     HAL_GPIO_WritePin(PORT_D, PIN_2, GPIO_LOW);
  1060     03D3  3002               	movlw	2
  1061     03D4  00F0               	movwf	HAL_GPIO_WritePin@pin
  1062     03D5  01F1               	clrf	HAL_GPIO_WritePin@state
  1063     03D6  3003               	movlw	3
  1064     03D7  120A  118A  24AD  120A  118A  	fcall	_HAL_GPIO_WritePin
  1065                           
  1066                           ;sys/sys_config.c: 28:     HAL_GPIO_WritePin(PORT_D, PIN_3, GPIO_LOW);
  1067     03DC  3003               	movlw	3
  1068     03DD  00F0               	movwf	HAL_GPIO_WritePin@pin
  1069     03DE  01F1               	clrf	HAL_GPIO_WritePin@state
  1070     03DF  3003               	movlw	3
  1071     03E0  120A  118A  24AD  120A  118A  	fcall	_HAL_GPIO_WritePin
  1072                           
  1073                           ;sys/sys_config.c: 29:     HAL_GPIO_WritePin(PORT_D, PIN_7, GPIO_LOW);
  1074     03E5  3007               	movlw	7
  1075     03E6  00F0               	movwf	HAL_GPIO_WritePin@pin
  1076     03E7  01F1               	clrf	HAL_GPIO_WritePin@state
  1077     03E8  3003               	movlw	3
  1078     03E9  120A  118A  24AD  120A  118A  	fcall	_HAL_GPIO_WritePin
  1079                           
  1080                           ;sys/sys_config.c: 32:     HAL_GPIO_SetDirection(PORT_B, PIN_3, GPIO_DIR_INPUT);
  1081     03EE  3003               	movlw	3
  1082     03EF  00F0               	movwf	HAL_GPIO_SetDirection@pin
  1083     03F0  01F1               	clrf	HAL_GPIO_SetDirection@dir
  1084     03F1  0AF1               	incf	HAL_GPIO_SetDirection@dir,f
  1085     03F2  3001               	movlw	1
  1086     03F3  120A  118A  2573  120A  118A  	fcall	_HAL_GPIO_SetDirection
  1087     03F8                     l1098:
  1088                           
  1089                           ;sys/sys_config.c: 33:     HAL_GPIO_PullUpEnable(PIN_3);
  1090     03F8  3003               	movlw	3
  1091     03F9  120A  118A  23A8  120A  118A  	fcall	_HAL_GPIO_PullUpEnable
  1092     03FE                     l1100:
  1093                           
  1094                           ;sys/sys_config.c: 35:     HAL_GPIO_SetDirection(PORT_B, PIN_4, GPIO_DIR_INPUT);
  1095     03FE  3004               	movlw	4
  1096     03FF  00F0               	movwf	HAL_GPIO_SetDirection@pin
  1097     0400  01F1               	clrf	HAL_GPIO_SetDirection@dir
  1098     0401  0AF1               	incf	HAL_GPIO_SetDirection@dir,f
  1099     0402  3001               	movlw	1
  1100     0403  120A  118A  2573  120A  118A  	fcall	_HAL_GPIO_SetDirection
  1101                           
  1102                           ;sys/sys_config.c: 36:     HAL_GPIO_PullUpEnable(PIN_4);
  1103     0408  3004               	movlw	4
  1104     0409  120A  118A  23A8  120A  118A  	fcall	_HAL_GPIO_PullUpEnable
  1105     040E                     l1102:
  1106                           
  1107                           ;sys/sys_config.c: 38:     HAL_GPIO_SetDirection(PORT_B, PIN_5, GPIO_DIR_INPUT);
  1108     040E  3005               	movlw	5
  1109     040F  00F0               	movwf	HAL_GPIO_SetDirection@pin
  1110     0410  01F1               	clrf	HAL_GPIO_SetDirection@dir
  1111     0411  0AF1               	incf	HAL_GPIO_SetDirection@dir,f
  1112     0412  3001               	movlw	1
  1113     0413  120A  118A  2573  120A  118A  	fcall	_HAL_GPIO_SetDirection
  1114     0418                     l1104:
  1115                           
  1116                           ;sys/sys_config.c: 39:     HAL_GPIO_PullUpEnable(PIN_5);
  1117     0418  3005               	movlw	5
  1118     0419  120A  118A  23A8  120A  118A  	fcall	_HAL_GPIO_PullUpEnable
  1119     041E                     l154:
  1120     041E  0008               	return
  1121     041F                     __end_of_System_GPIO_Config:
  1122                           
  1123                           	psect	text3
  1124     04AD                     __ptext3:	
  1125 ;; *************** function _HAL_GPIO_WritePin *****************
  1126 ;; Defined at:
  1127 ;;		line 83 in file "hal/hal_gpio.c"
  1128 ;; Parameters:    Size  Location     Type
  1129 ;;  port            1    wreg     enum E2
  1130 ;;  pin             1    0[COMMON] enum E9
  1131 ;;  state           1    1[COMMON] enum E23
  1132 ;; Auto vars:     Size  Location     Type
  1133 ;;  port            1    4[COMMON] enum E2
  1134 ;; Return value:  Size  Location     Type
  1135 ;;                  1    wreg      void 
  1136 ;; Registers used:
  1137 ;;		wreg, fsr0l, fsr0h, status,2, status,0
  1138 ;; Tracked objects:
  1139 ;;		On entry : 0/0
  1140 ;;		On exit  : 0/0
  1141 ;;		Unchanged: 0/0
  1142 ;; Data sizes:     COMMON   BANK0   BANK1   BANK3   BANK2
  1143 ;;      Params:         2       0       0       0       0
  1144 ;;      Locals:         1       0       0       0       0
  1145 ;;      Temps:          2       0       0       0       0
  1146 ;;      Totals:         5       0       0       0       0
  1147 ;;Total ram usage:        5 bytes
  1148 ;; Hardware stack levels used: 1
  1149 ;; This function calls:
  1150 ;;		Nothing
  1151 ;; This function is called by:
  1152 ;;		_main
  1153 ;;		_System_GPIO_Config
  1154 ;; This function uses a non-reentrant model
  1155 ;;
  1156                           
  1157     04AD                     _HAL_GPIO_WritePin:	
  1158                           ;psect for function _HAL_GPIO_WritePin
  1159                           
  1160                           
  1161                           ;incstack = 0
  1162                           ; Regs used in _HAL_GPIO_WritePin: [wreg-fsr0h+status,2+status,0]
  1163                           ;HAL_GPIO_WritePin@port stored from wreg
  1164     04AD  00F4               	movwf	HAL_GPIO_WritePin@port
  1165     04AE                     l982:
  1166                           
  1167                           ;hal/hal_gpio.c: 84:     switch (port) {
  1168     04AE  2D59               	goto	l1016
  1169     04AF                     l984:
  1170                           
  1171                           ;hal/hal_gpio.c: 86:             if (state == GPIO_HIGH) {
  1172     04AF  0371               	decf	HAL_GPIO_WritePin@state,w
  1173     04B0  1D03               	btfss	3,2
  1174     04B1  2CB3               	goto	u811
  1175     04B2  2CB4               	goto	u810
  1176     04B3                     u811:
  1177     04B3  2CC2               	goto	l988
  1178     04B4                     u810:
  1179     04B4                     l986:
  1180                           
  1181                           ;hal/hal_gpio.c: 87:                 PORTA |= (1 << pin);
  1182     04B4  3001               	movlw	1
  1183     04B5  00F2               	movwf	??_HAL_GPIO_WritePin
  1184     04B6  0A70               	incf	HAL_GPIO_WritePin@pin,w
  1185     04B7  2CBA               	goto	u824
  1186     04B8                     u825:
  1187     04B8  1003               	clrc
  1188     04B9  0DF2               	rlf	??_HAL_GPIO_WritePin,f
  1189     04BA                     u824:
  1190     04BA  3EFF               	addlw	-1
  1191     04BB  1D03               	skipz
  1192     04BC  2CB8               	goto	u825
  1193     04BD  0872               	movf	??_HAL_GPIO_WritePin,w
  1194     04BE  1283               	bcf	3,5	;RP0=0, select bank0
  1195     04BF  1303               	bcf	3,6	;RP1=0, select bank0
  1196     04C0  0485               	iorwf	5,f	;volatile
  1197                           
  1198                           ;hal/hal_gpio.c: 88:             } else {
  1199     04C1  2D72               	goto	l127
  1200     04C2                     l988:
  1201                           
  1202                           ;hal/hal_gpio.c: 89:                 PORTA &= ~(1 << pin);
  1203     04C2  3001               	movlw	1
  1204     04C3  00F2               	movwf	??_HAL_GPIO_WritePin
  1205     04C4  0A70               	incf	HAL_GPIO_WritePin@pin,w
  1206     04C5  2CC8               	goto	u834
  1207     04C6                     u835:
  1208     04C6  1003               	clrc
  1209     04C7  0DF2               	rlf	??_HAL_GPIO_WritePin,f
  1210     04C8                     u834:
  1211     04C8  3EFF               	addlw	-1
  1212     04C9  1D03               	skipz
  1213     04CA  2CC6               	goto	u835
  1214     04CB  0872               	movf	??_HAL_GPIO_WritePin,w
  1215     04CC  3AFF               	xorlw	255
  1216     04CD  1283               	bcf	3,5	;RP0=0, select bank0
  1217     04CE  1303               	bcf	3,6	;RP1=0, select bank0
  1218     04CF  0585               	andwf	5,f	;volatile
  1219     04D0  2D72               	goto	l127
  1220     04D1                     l990:
  1221                           
  1222                           ;hal/hal_gpio.c: 94:             if (state == GPIO_HIGH) {
  1223     04D1  0371               	decf	HAL_GPIO_WritePin@state,w
  1224     04D2  1D03               	btfss	3,2
  1225     04D3  2CD5               	goto	u841
  1226     04D4  2CD6               	goto	u840
  1227     04D5                     u841:
  1228     04D5  2CE4               	goto	l994
  1229     04D6                     u840:
  1230     04D6                     l992:
  1231                           
  1232                           ;hal/hal_gpio.c: 95:                 PORTB |= (1 << pin);
  1233     04D6  3001               	movlw	1
  1234     04D7  00F2               	movwf	??_HAL_GPIO_WritePin
  1235     04D8  0A70               	incf	HAL_GPIO_WritePin@pin,w
  1236     04D9  2CDC               	goto	u854
  1237     04DA                     u855:
  1238     04DA  1003               	clrc
  1239     04DB  0DF2               	rlf	??_HAL_GPIO_WritePin,f
  1240     04DC                     u854:
  1241     04DC  3EFF               	addlw	-1
  1242     04DD  1D03               	skipz
  1243     04DE  2CDA               	goto	u855
  1244     04DF  0872               	movf	??_HAL_GPIO_WritePin,w
  1245     04E0  1283               	bcf	3,5	;RP0=0, select bank0
  1246     04E1  1303               	bcf	3,6	;RP1=0, select bank0
  1247     04E2  0486               	iorwf	6,f	;volatile
  1248                           
  1249                           ;hal/hal_gpio.c: 96:             } else {
  1250     04E3  2D72               	goto	l127
  1251     04E4                     l994:
  1252                           
  1253                           ;hal/hal_gpio.c: 97:                 PORTB &= ~(1 << pin);
  1254     04E4  3001               	movlw	1
  1255     04E5  00F2               	movwf	??_HAL_GPIO_WritePin
  1256     04E6  0A70               	incf	HAL_GPIO_WritePin@pin,w
  1257     04E7  2CEA               	goto	u864
  1258     04E8                     u865:
  1259     04E8  1003               	clrc
  1260     04E9  0DF2               	rlf	??_HAL_GPIO_WritePin,f
  1261     04EA                     u864:
  1262     04EA  3EFF               	addlw	-1
  1263     04EB  1D03               	skipz
  1264     04EC  2CE8               	goto	u865
  1265     04ED  0872               	movf	??_HAL_GPIO_WritePin,w
  1266     04EE  3AFF               	xorlw	255
  1267     04EF  1283               	bcf	3,5	;RP0=0, select bank0
  1268     04F0  1303               	bcf	3,6	;RP1=0, select bank0
  1269     04F1  0586               	andwf	6,f	;volatile
  1270     04F2  2D72               	goto	l127
  1271     04F3                     l996:
  1272                           
  1273                           ;hal/hal_gpio.c: 102:             if (state == GPIO_HIGH) {
  1274     04F3  0371               	decf	HAL_GPIO_WritePin@state,w
  1275     04F4  1D03               	btfss	3,2
  1276     04F5  2CF7               	goto	u871
  1277     04F6  2CF8               	goto	u870
  1278     04F7                     u871:
  1279     04F7  2D06               	goto	l1000
  1280     04F8                     u870:
  1281     04F8                     l998:
  1282                           
  1283                           ;hal/hal_gpio.c: 103:                 PORTC |= (1 << pin);
  1284     04F8  3001               	movlw	1
  1285     04F9  00F2               	movwf	??_HAL_GPIO_WritePin
  1286     04FA  0A70               	incf	HAL_GPIO_WritePin@pin,w
  1287     04FB  2CFE               	goto	u884
  1288     04FC                     u885:
  1289     04FC  1003               	clrc
  1290     04FD  0DF2               	rlf	??_HAL_GPIO_WritePin,f
  1291     04FE                     u884:
  1292     04FE  3EFF               	addlw	-1
  1293     04FF  1D03               	skipz
  1294     0500  2CFC               	goto	u885
  1295     0501  0872               	movf	??_HAL_GPIO_WritePin,w
  1296     0502  1283               	bcf	3,5	;RP0=0, select bank0
  1297     0503  1303               	bcf	3,6	;RP1=0, select bank0
  1298     0504  0487               	iorwf	7,f	;volatile
  1299                           
  1300                           ;hal/hal_gpio.c: 104:             } else {
  1301     0505  2D72               	goto	l127
  1302     0506                     l1000:
  1303                           
  1304                           ;hal/hal_gpio.c: 105:                 PORTC &= ~(1 << pin);
  1305     0506  3001               	movlw	1
  1306     0507  00F2               	movwf	??_HAL_GPIO_WritePin
  1307     0508  0A70               	incf	HAL_GPIO_WritePin@pin,w
  1308     0509  2D0C               	goto	u894
  1309     050A                     u895:
  1310     050A  1003               	clrc
  1311     050B  0DF2               	rlf	??_HAL_GPIO_WritePin,f
  1312     050C                     u894:
  1313     050C  3EFF               	addlw	-1
  1314     050D  1D03               	skipz
  1315     050E  2D0A               	goto	u895
  1316     050F  0872               	movf	??_HAL_GPIO_WritePin,w
  1317     0510  3AFF               	xorlw	255
  1318     0511  1283               	bcf	3,5	;RP0=0, select bank0
  1319     0512  1303               	bcf	3,6	;RP1=0, select bank0
  1320     0513  0587               	andwf	7,f	;volatile
  1321     0514  2D72               	goto	l127
  1322     0515                     l1002:
  1323                           
  1324                           ;hal/hal_gpio.c: 110:             if (state == GPIO_HIGH) {
  1325     0515  0371               	decf	HAL_GPIO_WritePin@state,w
  1326     0516  1D03               	btfss	3,2
  1327     0517  2D19               	goto	u901
  1328     0518  2D1A               	goto	u900
  1329     0519                     u901:
  1330     0519  2D28               	goto	l1006
  1331     051A                     u900:
  1332     051A                     l1004:
  1333                           
  1334                           ;hal/hal_gpio.c: 111:                 PORTD |= (1 << pin);
  1335     051A  3001               	movlw	1
  1336     051B  00F2               	movwf	??_HAL_GPIO_WritePin
  1337     051C  0A70               	incf	HAL_GPIO_WritePin@pin,w
  1338     051D  2D20               	goto	u914
  1339     051E                     u915:
  1340     051E  1003               	clrc
  1341     051F  0DF2               	rlf	??_HAL_GPIO_WritePin,f
  1342     0520                     u914:
  1343     0520  3EFF               	addlw	-1
  1344     0521  1D03               	skipz
  1345     0522  2D1E               	goto	u915
  1346     0523  0872               	movf	??_HAL_GPIO_WritePin,w
  1347     0524  1283               	bcf	3,5	;RP0=0, select bank0
  1348     0525  1303               	bcf	3,6	;RP1=0, select bank0
  1349     0526  0488               	iorwf	8,f	;volatile
  1350                           
  1351                           ;hal/hal_gpio.c: 112:             } else {
  1352     0527  2D72               	goto	l127
  1353     0528                     l1006:
  1354                           
  1355                           ;hal/hal_gpio.c: 113:                 PORTD &= ~(1 << pin);
  1356     0528  3001               	movlw	1
  1357     0529  00F2               	movwf	??_HAL_GPIO_WritePin
  1358     052A  0A70               	incf	HAL_GPIO_WritePin@pin,w
  1359     052B  2D2E               	goto	u924
  1360     052C                     u925:
  1361     052C  1003               	clrc
  1362     052D  0DF2               	rlf	??_HAL_GPIO_WritePin,f
  1363     052E                     u924:
  1364     052E  3EFF               	addlw	-1
  1365     052F  1D03               	skipz
  1366     0530  2D2C               	goto	u925
  1367     0531  0872               	movf	??_HAL_GPIO_WritePin,w
  1368     0532  3AFF               	xorlw	255
  1369     0533  1283               	bcf	3,5	;RP0=0, select bank0
  1370     0534  1303               	bcf	3,6	;RP1=0, select bank0
  1371     0535  0588               	andwf	8,f	;volatile
  1372     0536  2D72               	goto	l127
  1373     0537                     l1008:
  1374                           
  1375                           ;hal/hal_gpio.c: 118:             if (state == GPIO_HIGH) {
  1376     0537  0371               	decf	HAL_GPIO_WritePin@state,w
  1377     0538  1D03               	btfss	3,2
  1378     0539  2D3B               	goto	u931
  1379     053A  2D3C               	goto	u930
  1380     053B                     u931:
  1381     053B  2D4A               	goto	l1012
  1382     053C                     u930:
  1383     053C                     l1010:
  1384                           
  1385                           ;hal/hal_gpio.c: 119:                 PORTE |= (1 << pin);
  1386     053C  3001               	movlw	1
  1387     053D  00F2               	movwf	??_HAL_GPIO_WritePin
  1388     053E  0A70               	incf	HAL_GPIO_WritePin@pin,w
  1389     053F  2D42               	goto	u944
  1390     0540                     u945:
  1391     0540  1003               	clrc
  1392     0541  0DF2               	rlf	??_HAL_GPIO_WritePin,f
  1393     0542                     u944:
  1394     0542  3EFF               	addlw	-1
  1395     0543  1D03               	skipz
  1396     0544  2D40               	goto	u945
  1397     0545  0872               	movf	??_HAL_GPIO_WritePin,w
  1398     0546  1283               	bcf	3,5	;RP0=0, select bank0
  1399     0547  1303               	bcf	3,6	;RP1=0, select bank0
  1400     0548  0489               	iorwf	9,f	;volatile
  1401                           
  1402                           ;hal/hal_gpio.c: 120:             } else {
  1403     0549  2D72               	goto	l127
  1404     054A                     l1012:
  1405                           
  1406                           ;hal/hal_gpio.c: 121:                 PORTE &= ~(1 << pin);
  1407     054A  3001               	movlw	1
  1408     054B  00F2               	movwf	??_HAL_GPIO_WritePin
  1409     054C  0A70               	incf	HAL_GPIO_WritePin@pin,w
  1410     054D  2D50               	goto	u954
  1411     054E                     u955:
  1412     054E  1003               	clrc
  1413     054F  0DF2               	rlf	??_HAL_GPIO_WritePin,f
  1414     0550                     u954:
  1415     0550  3EFF               	addlw	-1
  1416     0551  1D03               	skipz
  1417     0552  2D4E               	goto	u955
  1418     0553  0872               	movf	??_HAL_GPIO_WritePin,w
  1419     0554  3AFF               	xorlw	255
  1420     0555  1283               	bcf	3,5	;RP0=0, select bank0
  1421     0556  1303               	bcf	3,6	;RP1=0, select bank0
  1422     0557  0589               	andwf	9,f	;volatile
  1423     0558  2D72               	goto	l127
  1424     0559                     l1016:
  1425     0559  0874               	movf	HAL_GPIO_WritePin@port,w
  1426     055A  00F2               	movwf	??_HAL_GPIO_WritePin
  1427     055B  01F3               	clrf	??_HAL_GPIO_WritePin+1
  1428                           
  1429                           ; Switch on 2 bytes has been partitioned into a top level switch of size 1, and 1 sub-sw
      +                          itches
  1430                           ; Switch size 1, requested type "simple"
  1431                           ; Number of cases is 1, Range of values is 0 to 0
  1432                           ; switch strategies available:
  1433                           ; Name         Instructions Cycles
  1434                           ; simple_byte            4     3 (average)
  1435                           ; direct_byte           11     8 (fixed)
  1436                           ; jumptable            260     6 (fixed)
  1437                           ;	Chosen strategy is simple_byte
  1438     055C  0873               	movf	??_HAL_GPIO_WritePin+1,w
  1439     055D  3A00               	xorlw	0	; case 0
  1440     055E  1903               	skipnz
  1441     055F  2D61               	goto	l1266
  1442     0560  2D72               	goto	l127
  1443     0561                     l1266:
  1444                           
  1445                           ; Switch size 1, requested type "simple"
  1446                           ; Number of cases is 5, Range of values is 0 to 4
  1447                           ; switch strategies available:
  1448                           ; Name         Instructions Cycles
  1449                           ; simple_byte           16     9 (average)
  1450                           ; direct_byte           23     8 (fixed)
  1451                           ; jumptable            260     6 (fixed)
  1452                           ;	Chosen strategy is simple_byte
  1453     0561  0872               	movf	??_HAL_GPIO_WritePin,w
  1454     0562  3A00               	xorlw	0	; case 0
  1455     0563  1903               	skipnz
  1456     0564  2CAF               	goto	l984
  1457     0565  3A01               	xorlw	1	; case 1
  1458     0566  1903               	skipnz
  1459     0567  2CD1               	goto	l990
  1460     0568  3A03               	xorlw	3	; case 2
  1461     0569  1903               	skipnz
  1462     056A  2CF3               	goto	l996
  1463     056B  3A01               	xorlw	1	; case 3
  1464     056C  1903               	skipnz
  1465     056D  2D15               	goto	l1002
  1466     056E  3A07               	xorlw	7	; case 4
  1467     056F  1903               	skipnz
  1468     0570  2D37               	goto	l1008
  1469     0571  2D72               	goto	l127
  1470     0572                     l127:
  1471     0572  0008               	return
  1472     0573                     __end_of_HAL_GPIO_WritePin:
  1473                           
  1474                           	psect	text4
  1475     0573                     __ptext4:	
  1476 ;; *************** function _HAL_GPIO_SetDirection *****************
  1477 ;; Defined at:
  1478 ;;		line 4 in file "hal/hal_gpio.c"
  1479 ;; Parameters:    Size  Location     Type
  1480 ;;  port            1    wreg     enum E2
  1481 ;;  pin             1    0[COMMON] enum E9
  1482 ;;  dir             1    1[COMMON] enum E19
  1483 ;; Auto vars:     Size  Location     Type
  1484 ;;  port            1    4[COMMON] enum E2
  1485 ;; Return value:  Size  Location     Type
  1486 ;;                  1    wreg      void 
  1487 ;; Registers used:
  1488 ;;		wreg, fsr0l, fsr0h, status,2, status,0
  1489 ;; Tracked objects:
  1490 ;;		On entry : 0/0
  1491 ;;		On exit  : 0/0
  1492 ;;		Unchanged: 0/0
  1493 ;; Data sizes:     COMMON   BANK0   BANK1   BANK3   BANK2
  1494 ;;      Params:         2       0       0       0       0
  1495 ;;      Locals:         1       0       0       0       0
  1496 ;;      Temps:          2       0       0       0       0
  1497 ;;      Totals:         5       0       0       0       0
  1498 ;;Total ram usage:        5 bytes
  1499 ;; Hardware stack levels used: 1
  1500 ;; This function calls:
  1501 ;;		Nothing
  1502 ;; This function is called by:
  1503 ;;		_System_GPIO_Config
  1504 ;; This function uses a non-reentrant model
  1505 ;;
  1506                           
  1507     0573                     _HAL_GPIO_SetDirection:	
  1508                           ;psect for function _HAL_GPIO_SetDirection
  1509                           
  1510                           
  1511                           ;incstack = 0
  1512                           ; Regs used in _HAL_GPIO_SetDirection: [wreg-fsr0h+status,2+status,0]
  1513                           ;HAL_GPIO_SetDirection@port stored from wreg
  1514     0573  00F4               	movwf	HAL_GPIO_SetDirection@port
  1515     0574                     l1022:
  1516                           
  1517                           ;hal/hal_gpio.c: 5:     switch (port) {
  1518     0574  2E93               	goto	l1086
  1519     0575                     l1024:
  1520                           
  1521                           ;hal/hal_gpio.c: 8:             if (pin >= 0 && pin <= 3) {
  1522     0575  3004               	movlw	4
  1523     0576  0270               	subwf	HAL_GPIO_SetDirection@pin,w
  1524     0577  1803               	skipnc
  1525     0578  2D7A               	goto	u961
  1526     0579  2D7B               	goto	u960
  1527     057A                     u961:
  1528     057A  2D8A               	goto	l1028
  1529     057B                     u960:
  1530     057B                     l1026:
  1531                           
  1532                           ;hal/hal_gpio.c: 9:                 ANSEL &= ~(1 << pin);
  1533     057B  3001               	movlw	1
  1534     057C  00F2               	movwf	??_HAL_GPIO_SetDirection
  1535     057D  0A70               	incf	HAL_GPIO_SetDirection@pin,w
  1536     057E  2D81               	goto	u974
  1537     057F                     u975:
  1538     057F  1003               	clrc
  1539     0580  0DF2               	rlf	??_HAL_GPIO_SetDirection,f
  1540     0581                     u974:
  1541     0581  3EFF               	addlw	-1
  1542     0582  1D03               	skipz
  1543     0583  2D7F               	goto	u975
  1544     0584  0872               	movf	??_HAL_GPIO_SetDirection,w
  1545     0585  3AFF               	xorlw	255
  1546     0586  1683               	bsf	3,5	;RP0=1, select bank3
  1547     0587  1703               	bsf	3,6	;RP1=1, select bank3
  1548     0588  0588               	andwf	8,f	;volatile
  1549                           
  1550                           ;hal/hal_gpio.c: 10:             } else if (pin == 5) {
  1551     0589  2D94               	goto	l73
  1552     058A                     l1028:
  1553     058A  3005               	movlw	5
  1554     058B  0670               	xorwf	HAL_GPIO_SetDirection@pin,w
  1555     058C  1D03               	btfss	3,2
  1556     058D  2D8F               	goto	u981
  1557     058E  2D90               	goto	u980
  1558     058F                     u981:
  1559     058F  2D94               	goto	l73
  1560     0590                     u980:
  1561     0590                     l1030:
  1562                           
  1563                           ;hal/hal_gpio.c: 11:                 ANSEL &= ~(1 << 4);
  1564     0590  30EF               	movlw	239
  1565     0591  1683               	bsf	3,5	;RP0=1, select bank3
  1566     0592  1703               	bsf	3,6	;RP1=1, select bank3
  1567     0593  0588               	andwf	8,f	;volatile
  1568     0594                     l73:
  1569                           
  1570                           ;hal/hal_gpio.c: 15:             if (dir == GPIO_DIR_INPUT) {
  1571     0594  0371               	decf	HAL_GPIO_SetDirection@dir,w
  1572     0595  1D03               	btfss	3,2
  1573     0596  2D98               	goto	u991
  1574     0597  2D99               	goto	u990
  1575     0598                     u991:
  1576     0598  2DA7               	goto	l1034
  1577     0599                     u990:
  1578     0599                     l1032:
  1579                           
  1580                           ;hal/hal_gpio.c: 16:                 TRISA |= (1 << pin);
  1581     0599  3001               	movlw	1
  1582     059A  00F2               	movwf	??_HAL_GPIO_SetDirection
  1583     059B  0A70               	incf	HAL_GPIO_SetDirection@pin,w
  1584     059C  2D9F               	goto	u1004
  1585     059D                     u1005:
  1586     059D  1003               	clrc
  1587     059E  0DF2               	rlf	??_HAL_GPIO_SetDirection,f
  1588     059F                     u1004:
  1589     059F  3EFF               	addlw	-1
  1590     05A0  1D03               	skipz
  1591     05A1  2D9D               	goto	u1005
  1592     05A2  0872               	movf	??_HAL_GPIO_SetDirection,w
  1593     05A3  1683               	bsf	3,5	;RP0=1, select bank1
  1594     05A4  1303               	bcf	3,6	;RP1=0, select bank1
  1595     05A5  0485               	iorwf	5,f	;volatile
  1596                           
  1597                           ;hal/hal_gpio.c: 17:             } else {
  1598     05A6  2EAC               	goto	l103
  1599     05A7                     l1034:
  1600                           
  1601                           ;hal/hal_gpio.c: 18:                 TRISA &= ~(1 << pin);
  1602     05A7  3001               	movlw	1
  1603     05A8  00F2               	movwf	??_HAL_GPIO_SetDirection
  1604     05A9  0A70               	incf	HAL_GPIO_SetDirection@pin,w
  1605     05AA  2DAD               	goto	u1014
  1606     05AB                     u1015:
  1607     05AB  1003               	clrc
  1608     05AC  0DF2               	rlf	??_HAL_GPIO_SetDirection,f
  1609     05AD                     u1014:
  1610     05AD  3EFF               	addlw	-1
  1611     05AE  1D03               	skipz
  1612     05AF  2DAB               	goto	u1015
  1613     05B0  0872               	movf	??_HAL_GPIO_SetDirection,w
  1614     05B1  3AFF               	xorlw	255
  1615     05B2  1683               	bsf	3,5	;RP0=1, select bank1
  1616     05B3  1303               	bcf	3,6	;RP1=0, select bank1
  1617     05B4  0585               	andwf	5,f	;volatile
  1618     05B5  2EAC               	goto	l103
  1619     05B6                     l1036:
  1620                           
  1621                           ;hal/hal_gpio.c: 24:             if (pin == 0) ANSELH &= ~(1 << 4);
  1622     05B6  0870               	movf	HAL_GPIO_SetDirection@pin,w
  1623     05B7  1D03               	btfss	3,2
  1624     05B8  2DBA               	goto	u1021
  1625     05B9  2DBB               	goto	u1020
  1626     05BA                     u1021:
  1627     05BA  2DC0               	goto	l1040
  1628     05BB                     u1020:
  1629     05BB                     l1038:
  1630     05BB  30EF               	movlw	239
  1631     05BC  1683               	bsf	3,5	;RP0=1, select bank3
  1632     05BD  1703               	bsf	3,6	;RP1=1, select bank3
  1633     05BE  0589               	andwf	9,f	;volatile
  1634     05BF  2DF5               	goto	l80
  1635     05C0                     l1040:
  1636     05C0  0370               	decf	HAL_GPIO_SetDirection@pin,w
  1637     05C1  1D03               	btfss	3,2
  1638     05C2  2DC4               	goto	u1031
  1639     05C3  2DC5               	goto	u1030
  1640     05C4                     u1031:
  1641     05C4  2DCA               	goto	l1044
  1642     05C5                     u1030:
  1643     05C5                     l1042:
  1644     05C5  30FB               	movlw	251
  1645     05C6  1683               	bsf	3,5	;RP0=1, select bank3
  1646     05C7  1703               	bsf	3,6	;RP1=1, select bank3
  1647     05C8  0589               	andwf	9,f	;volatile
  1648     05C9  2DF5               	goto	l80
  1649     05CA                     l1044:
  1650     05CA  3002               	movlw	2
  1651     05CB  0670               	xorwf	HAL_GPIO_SetDirection@pin,w
  1652     05CC  1D03               	btfss	3,2
  1653     05CD  2DCF               	goto	u1041
  1654     05CE  2DD0               	goto	u1040
  1655     05CF                     u1041:
  1656     05CF  2DD5               	goto	l1048
  1657     05D0                     u1040:
  1658     05D0                     l1046:
  1659     05D0  30FE               	movlw	254
  1660     05D1  1683               	bsf	3,5	;RP0=1, select bank3
  1661     05D2  1703               	bsf	3,6	;RP1=1, select bank3
  1662     05D3  0589               	andwf	9,f	;volatile
  1663     05D4  2DF5               	goto	l80
  1664     05D5                     l1048:
  1665     05D5  3003               	movlw	3
  1666     05D6  0670               	xorwf	HAL_GPIO_SetDirection@pin,w
  1667     05D7  1D03               	btfss	3,2
  1668     05D8  2DDA               	goto	u1051
  1669     05D9  2DDB               	goto	u1050
  1670     05DA                     u1051:
  1671     05DA  2DE0               	goto	l1052
  1672     05DB                     u1050:
  1673     05DB                     l1050:
  1674     05DB  30FD               	movlw	253
  1675     05DC  1683               	bsf	3,5	;RP0=1, select bank3
  1676     05DD  1703               	bsf	3,6	;RP1=1, select bank3
  1677     05DE  0589               	andwf	9,f	;volatile
  1678     05DF  2DF5               	goto	l80
  1679     05E0                     l1052:
  1680     05E0  3004               	movlw	4
  1681     05E1  0670               	xorwf	HAL_GPIO_SetDirection@pin,w
  1682     05E2  1D03               	btfss	3,2
  1683     05E3  2DE5               	goto	u1061
  1684     05E4  2DE6               	goto	u1060
  1685     05E5                     u1061:
  1686     05E5  2DEB               	goto	l1056
  1687     05E6                     u1060:
  1688     05E6                     l1054:
  1689     05E6  30F7               	movlw	247
  1690     05E7  1683               	bsf	3,5	;RP0=1, select bank3
  1691     05E8  1703               	bsf	3,6	;RP1=1, select bank3
  1692     05E9  0589               	andwf	9,f	;volatile
  1693     05EA  2DF5               	goto	l80
  1694     05EB                     l1056:
  1695     05EB  3005               	movlw	5
  1696     05EC  0670               	xorwf	HAL_GPIO_SetDirection@pin,w
  1697     05ED  1D03               	btfss	3,2
  1698     05EE  2DF0               	goto	u1071
  1699     05EF  2DF1               	goto	u1070
  1700     05F0                     u1071:
  1701     05F0  2DF5               	goto	l80
  1702     05F1                     u1070:
  1703     05F1                     l1058:
  1704     05F1  30DF               	movlw	223
  1705     05F2  1683               	bsf	3,5	;RP0=1, select bank3
  1706     05F3  1703               	bsf	3,6	;RP1=1, select bank3
  1707     05F4  0589               	andwf	9,f	;volatile
  1708     05F5                     l80:
  1709                           
  1710                           ;hal/hal_gpio.c: 31:             if (dir == GPIO_DIR_INPUT) {
  1711     05F5  0371               	decf	HAL_GPIO_SetDirection@dir,w
  1712     05F6  1D03               	btfss	3,2
  1713     05F7  2DF9               	goto	u1081
  1714     05F8  2DFA               	goto	u1080
  1715     05F9                     u1081:
  1716     05F9  2E08               	goto	l1062
  1717     05FA                     u1080:
  1718     05FA                     l1060:
  1719                           
  1720                           ;hal/hal_gpio.c: 32:                 TRISB |= (1 << pin);
  1721     05FA  3001               	movlw	1
  1722     05FB  00F2               	movwf	??_HAL_GPIO_SetDirection
  1723     05FC  0A70               	incf	HAL_GPIO_SetDirection@pin,w
  1724     05FD  2E00               	goto	u1094
  1725     05FE                     u1095:
  1726     05FE  1003               	clrc
  1727     05FF  0DF2               	rlf	??_HAL_GPIO_SetDirection,f
  1728     0600                     u1094:
  1729     0600  3EFF               	addlw	-1
  1730     0601  1D03               	skipz
  1731     0602  2DFE               	goto	u1095
  1732     0603  0872               	movf	??_HAL_GPIO_SetDirection,w
  1733     0604  1683               	bsf	3,5	;RP0=1, select bank1
  1734     0605  1303               	bcf	3,6	;RP1=0, select bank1
  1735     0606  0486               	iorwf	6,f	;volatile
  1736                           
  1737                           ;hal/hal_gpio.c: 33:             } else {
  1738     0607  2EAC               	goto	l103
  1739     0608                     l1062:
  1740                           
  1741                           ;hal/hal_gpio.c: 34:                 TRISB &= ~(1 << pin);
  1742     0608  3001               	movlw	1
  1743     0609  00F2               	movwf	??_HAL_GPIO_SetDirection
  1744     060A  0A70               	incf	HAL_GPIO_SetDirection@pin,w
  1745     060B  2E0E               	goto	u1104
  1746     060C                     u1105:
  1747     060C  1003               	clrc
  1748     060D  0DF2               	rlf	??_HAL_GPIO_SetDirection,f
  1749     060E                     u1104:
  1750     060E  3EFF               	addlw	-1
  1751     060F  1D03               	skipz
  1752     0610  2E0C               	goto	u1105
  1753     0611  0872               	movf	??_HAL_GPIO_SetDirection,w
  1754     0612  3AFF               	xorlw	255
  1755     0613  1683               	bsf	3,5	;RP0=1, select bank1
  1756     0614  1303               	bcf	3,6	;RP1=0, select bank1
  1757     0615  0586               	andwf	6,f	;volatile
  1758     0616  2EAC               	goto	l103
  1759     0617                     l1064:
  1760                           
  1761                           ;hal/hal_gpio.c: 40:             if (dir == GPIO_DIR_INPUT) {
  1762     0617  0371               	decf	HAL_GPIO_SetDirection@dir,w
  1763     0618  1D03               	btfss	3,2
  1764     0619  2E1B               	goto	u1111
  1765     061A  2E1C               	goto	u1110
  1766     061B                     u1111:
  1767     061B  2E2A               	goto	l1068
  1768     061C                     u1110:
  1769     061C                     l1066:
  1770                           
  1771                           ;hal/hal_gpio.c: 41:                 TRISC |= (1 << pin);
  1772     061C  3001               	movlw	1
  1773     061D  00F2               	movwf	??_HAL_GPIO_SetDirection
  1774     061E  0A70               	incf	HAL_GPIO_SetDirection@pin,w
  1775     061F  2E22               	goto	u1124
  1776     0620                     u1125:
  1777     0620  1003               	clrc
  1778     0621  0DF2               	rlf	??_HAL_GPIO_SetDirection,f
  1779     0622                     u1124:
  1780     0622  3EFF               	addlw	-1
  1781     0623  1D03               	skipz
  1782     0624  2E20               	goto	u1125
  1783     0625  0872               	movf	??_HAL_GPIO_SetDirection,w
  1784     0626  1683               	bsf	3,5	;RP0=1, select bank1
  1785     0627  1303               	bcf	3,6	;RP1=0, select bank1
  1786     0628  0487               	iorwf	7,f	;volatile
  1787                           
  1788                           ;hal/hal_gpio.c: 42:             } else {
  1789     0629  2EAC               	goto	l103
  1790     062A                     l1068:
  1791                           
  1792                           ;hal/hal_gpio.c: 43:                 TRISC &= ~(1 << pin);
  1793     062A  3001               	movlw	1
  1794     062B  00F2               	movwf	??_HAL_GPIO_SetDirection
  1795     062C  0A70               	incf	HAL_GPIO_SetDirection@pin,w
  1796     062D  2E30               	goto	u1134
  1797     062E                     u1135:
  1798     062E  1003               	clrc
  1799     062F  0DF2               	rlf	??_HAL_GPIO_SetDirection,f
  1800     0630                     u1134:
  1801     0630  3EFF               	addlw	-1
  1802     0631  1D03               	skipz
  1803     0632  2E2E               	goto	u1135
  1804     0633  0872               	movf	??_HAL_GPIO_SetDirection,w
  1805     0634  3AFF               	xorlw	255
  1806     0635  1683               	bsf	3,5	;RP0=1, select bank1
  1807     0636  1303               	bcf	3,6	;RP1=0, select bank1
  1808     0637  0587               	andwf	7,f	;volatile
  1809     0638  2EAC               	goto	l103
  1810     0639                     l1070:
  1811                           
  1812                           ;hal/hal_gpio.c: 49:             if (dir == GPIO_DIR_INPUT) {
  1813     0639  0371               	decf	HAL_GPIO_SetDirection@dir,w
  1814     063A  1D03               	btfss	3,2
  1815     063B  2E3D               	goto	u1141
  1816     063C  2E3E               	goto	u1140
  1817     063D                     u1141:
  1818     063D  2E4C               	goto	l1074
  1819     063E                     u1140:
  1820     063E                     l1072:
  1821                           
  1822                           ;hal/hal_gpio.c: 50:                 TRISD |= (1 << pin);
  1823     063E  3001               	movlw	1
  1824     063F  00F2               	movwf	??_HAL_GPIO_SetDirection
  1825     0640  0A70               	incf	HAL_GPIO_SetDirection@pin,w
  1826     0641  2E44               	goto	u1154
  1827     0642                     u1155:
  1828     0642  1003               	clrc
  1829     0643  0DF2               	rlf	??_HAL_GPIO_SetDirection,f
  1830     0644                     u1154:
  1831     0644  3EFF               	addlw	-1
  1832     0645  1D03               	skipz
  1833     0646  2E42               	goto	u1155
  1834     0647  0872               	movf	??_HAL_GPIO_SetDirection,w
  1835     0648  1683               	bsf	3,5	;RP0=1, select bank1
  1836     0649  1303               	bcf	3,6	;RP1=0, select bank1
  1837     064A  0488               	iorwf	8,f	;volatile
  1838                           
  1839                           ;hal/hal_gpio.c: 51:             } else {
  1840     064B  2EAC               	goto	l103
  1841     064C                     l1074:
  1842                           
  1843                           ;hal/hal_gpio.c: 52:                 TRISD &= ~(1 << pin);
  1844     064C  3001               	movlw	1
  1845     064D  00F2               	movwf	??_HAL_GPIO_SetDirection
  1846     064E  0A70               	incf	HAL_GPIO_SetDirection@pin,w
  1847     064F  2E52               	goto	u1164
  1848     0650                     u1165:
  1849     0650  1003               	clrc
  1850     0651  0DF2               	rlf	??_HAL_GPIO_SetDirection,f
  1851     0652                     u1164:
  1852     0652  3EFF               	addlw	-1
  1853     0653  1D03               	skipz
  1854     0654  2E50               	goto	u1165
  1855     0655  0872               	movf	??_HAL_GPIO_SetDirection,w
  1856     0656  3AFF               	xorlw	255
  1857     0657  1683               	bsf	3,5	;RP0=1, select bank1
  1858     0658  1303               	bcf	3,6	;RP1=0, select bank1
  1859     0659  0588               	andwf	8,f	;volatile
  1860     065A  2EAC               	goto	l103
  1861     065B                     l1076:
  1862                           
  1863                           ;hal/hal_gpio.c: 58:             if (pin >= 0 && pin <= 2) {
  1864     065B  3003               	movlw	3
  1865     065C  0270               	subwf	HAL_GPIO_SetDirection@pin,w
  1866     065D  1803               	skipnc
  1867     065E  2E60               	goto	u1171
  1868     065F  2E61               	goto	u1170
  1869     0660                     u1171:
  1870     0660  2E71               	goto	l99
  1871     0661                     u1170:
  1872     0661                     l1078:
  1873                           
  1874                           ;hal/hal_gpio.c: 59:                 ANSEL &= ~(1 << (pin + 5));
  1875     0661  3001               	movlw	1
  1876     0662  00F2               	movwf	??_HAL_GPIO_SetDirection
  1877     0663  0870               	movf	HAL_GPIO_SetDirection@pin,w
  1878     0664  3E05               	addlw	5
  1879     0665  3E01               	addlw	1
  1880     0666  2E69               	goto	u1184
  1881     0667                     u1185:
  1882     0667  1003               	clrc
  1883     0668  0DF2               	rlf	??_HAL_GPIO_SetDirection,f
  1884     0669                     u1184:
  1885     0669  3EFF               	addlw	-1
  1886     066A  1D03               	skipz
  1887     066B  2E67               	goto	u1185
  1888     066C  0872               	movf	??_HAL_GPIO_SetDirection,w
  1889     066D  3AFF               	xorlw	255
  1890     066E  1683               	bsf	3,5	;RP0=1, select bank3
  1891     066F  1703               	bsf	3,6	;RP1=1, select bank3
  1892     0670  0588               	andwf	8,f	;volatile
  1893     0671                     l99:	
  1894                           ;hal/hal_gpio.c: 60:             }
  1895                           
  1896                           
  1897                           ;hal/hal_gpio.c: 62:             if (dir == GPIO_DIR_INPUT) {
  1898     0671  0371               	decf	HAL_GPIO_SetDirection@dir,w
  1899     0672  1D03               	btfss	3,2
  1900     0673  2E75               	goto	u1191
  1901     0674  2E76               	goto	u1190
  1902     0675                     u1191:
  1903     0675  2E84               	goto	l1082
  1904     0676                     u1190:
  1905     0676                     l1080:
  1906                           
  1907                           ;hal/hal_gpio.c: 63:                 TRISE |= (1 << pin);
  1908     0676  3001               	movlw	1
  1909     0677  00F2               	movwf	??_HAL_GPIO_SetDirection
  1910     0678  0A70               	incf	HAL_GPIO_SetDirection@pin,w
  1911     0679  2E7C               	goto	u1204
  1912     067A                     u1205:
  1913     067A  1003               	clrc
  1914     067B  0DF2               	rlf	??_HAL_GPIO_SetDirection,f
  1915     067C                     u1204:
  1916     067C  3EFF               	addlw	-1
  1917     067D  1D03               	skipz
  1918     067E  2E7A               	goto	u1205
  1919     067F  0872               	movf	??_HAL_GPIO_SetDirection,w
  1920     0680  1683               	bsf	3,5	;RP0=1, select bank1
  1921     0681  1303               	bcf	3,6	;RP1=0, select bank1
  1922     0682  0489               	iorwf	9,f	;volatile
  1923                           
  1924                           ;hal/hal_gpio.c: 64:             } else {
  1925     0683  2EAC               	goto	l103
  1926     0684                     l1082:
  1927                           
  1928                           ;hal/hal_gpio.c: 65:                 TRISE &= ~(1 << pin);
  1929     0684  3001               	movlw	1
  1930     0685  00F2               	movwf	??_HAL_GPIO_SetDirection
  1931     0686  0A70               	incf	HAL_GPIO_SetDirection@pin,w
  1932     0687  2E8A               	goto	u1214
  1933     0688                     u1215:
  1934     0688  1003               	clrc
  1935     0689  0DF2               	rlf	??_HAL_GPIO_SetDirection,f
  1936     068A                     u1214:
  1937     068A  3EFF               	addlw	-1
  1938     068B  1D03               	skipz
  1939     068C  2E88               	goto	u1215
  1940     068D  0872               	movf	??_HAL_GPIO_SetDirection,w
  1941     068E  3AFF               	xorlw	255
  1942     068F  1683               	bsf	3,5	;RP0=1, select bank1
  1943     0690  1303               	bcf	3,6	;RP1=0, select bank1
  1944     0691  0589               	andwf	9,f	;volatile
  1945     0692  2EAC               	goto	l103
  1946     0693                     l1086:
  1947     0693  0874               	movf	HAL_GPIO_SetDirection@port,w
  1948     0694  00F2               	movwf	??_HAL_GPIO_SetDirection
  1949     0695  01F3               	clrf	??_HAL_GPIO_SetDirection+1
  1950                           
  1951                           ; Switch on 2 bytes has been partitioned into a top level switch of size 1, and 1 sub-sw
      +                          itches
  1952                           ; Switch size 1, requested type "simple"
  1953                           ; Number of cases is 1, Range of values is 0 to 0
  1954                           ; switch strategies available:
  1955                           ; Name         Instructions Cycles
  1956                           ; simple_byte            4     3 (average)
  1957                           ; direct_byte           11     8 (fixed)
  1958                           ; jumptable            260     6 (fixed)
  1959                           ;	Chosen strategy is simple_byte
  1960     0696  0873               	movf	??_HAL_GPIO_SetDirection+1,w
  1961     0697  3A00               	xorlw	0	; case 0
  1962     0698  1903               	skipnz
  1963     0699  2E9B               	goto	l1268
  1964     069A  2EAC               	goto	l103
  1965     069B                     l1268:
  1966                           
  1967                           ; Switch size 1, requested type "simple"
  1968                           ; Number of cases is 5, Range of values is 0 to 4
  1969                           ; switch strategies available:
  1970                           ; Name         Instructions Cycles
  1971                           ; simple_byte           16     9 (average)
  1972                           ; direct_byte           23     8 (fixed)
  1973                           ; jumptable            260     6 (fixed)
  1974                           ;	Chosen strategy is simple_byte
  1975     069B  0872               	movf	??_HAL_GPIO_SetDirection,w
  1976     069C  3A00               	xorlw	0	; case 0
  1977     069D  1903               	skipnz
  1978     069E  2D75               	goto	l1024
  1979     069F  3A01               	xorlw	1	; case 1
  1980     06A0  1903               	skipnz
  1981     06A1  2DB6               	goto	l1036
  1982     06A2  3A03               	xorlw	3	; case 2
  1983     06A3  1903               	skipnz
  1984     06A4  2E17               	goto	l1064
  1985     06A5  3A01               	xorlw	1	; case 3
  1986     06A6  1903               	skipnz
  1987     06A7  2E39               	goto	l1070
  1988     06A8  3A07               	xorlw	7	; case 4
  1989     06A9  1903               	skipnz
  1990     06AA  2E5B               	goto	l1076
  1991     06AB  2EAC               	goto	l103
  1992     06AC                     l103:
  1993     06AC  0008               	return
  1994     06AD                     __end_of_HAL_GPIO_SetDirection:
  1995                           
  1996                           	psect	text5
  1997     03A8                     __ptext5:	
  1998 ;; *************** function _HAL_GPIO_PullUpEnable *****************
  1999 ;; Defined at:
  2000 ;;		line 75 in file "hal/hal_gpio.c"
  2001 ;; Parameters:    Size  Location     Type
  2002 ;;  pin             1    wreg     enum E9
  2003 ;; Auto vars:     Size  Location     Type
  2004 ;;  pin             1    1[COMMON] enum E9
  2005 ;; Return value:  Size  Location     Type
  2006 ;;                  1    wreg      void 
  2007 ;; Registers used:
  2008 ;;		wreg, status,2, status,0
  2009 ;; Tracked objects:
  2010 ;;		On entry : 0/0
  2011 ;;		On exit  : 0/0
  2012 ;;		Unchanged: 0/0
  2013 ;; Data sizes:     COMMON   BANK0   BANK1   BANK3   BANK2
  2014 ;;      Params:         0       0       0       0       0
  2015 ;;      Locals:         1       0       0       0       0
  2016 ;;      Temps:          1       0       0       0       0
  2017 ;;      Totals:         2       0       0       0       0
  2018 ;;Total ram usage:        2 bytes
  2019 ;; Hardware stack levels used: 1
  2020 ;; This function calls:
  2021 ;;		Nothing
  2022 ;; This function is called by:
  2023 ;;		_System_GPIO_Config
  2024 ;; This function uses a non-reentrant model
  2025 ;;
  2026                           
  2027     03A8                     _HAL_GPIO_PullUpEnable:	
  2028                           ;psect for function _HAL_GPIO_PullUpEnable
  2029                           
  2030                           
  2031                           ;incstack = 0
  2032                           ; Regs used in _HAL_GPIO_PullUpEnable: [wreg+status,2+status,0]
  2033                           ;HAL_GPIO_PullUpEnable@pin stored from wreg
  2034     03A8  00F1               	movwf	HAL_GPIO_PullUpEnable@pin
  2035     03A9                     l1092:
  2036                           
  2037                           ;hal/hal_gpio.c: 76:     OPTION_REGbits.nRBPU = 0;
  2038     03A9  1683               	bsf	3,5	;RP0=1, select bank1
  2039     03AA  1303               	bcf	3,6	;RP1=0, select bank1
  2040     03AB  1381               	bcf	1,7	;volatile
  2041     03AC                     l1094:
  2042                           
  2043                           ;hal/hal_gpio.c: 77:     WPUB |= (1 << pin);
  2044     03AC  3001               	movlw	1
  2045     03AD  00F0               	movwf	??_HAL_GPIO_PullUpEnable
  2046     03AE  0A71               	incf	HAL_GPIO_PullUpEnable@pin,w
  2047     03AF  2BB2               	goto	u1224
  2048     03B0                     u1225:
  2049     03B0  1003               	clrc
  2050     03B1  0DF0               	rlf	??_HAL_GPIO_PullUpEnable,f
  2051     03B2                     u1224:
  2052     03B2  3EFF               	addlw	-1
  2053     03B3  1D03               	skipz
  2054     03B4  2BB0               	goto	u1225
  2055     03B5  0870               	movf	??_HAL_GPIO_PullUpEnable,w
  2056     03B6  0495               	iorwf	21,f	;volatile
  2057     03B7                     l106:
  2058     03B7  0008               	return
  2059     03B8                     __end_of_HAL_GPIO_PullUpEnable:
  2060                           
  2061                           	psect	text6
  2062     041F                     __ptext6:	
  2063 ;; *************** function _HAL_GPIO_ReadPin *****************
  2064 ;; Defined at:
  2065 ;;		line 131 in file "hal/hal_gpio.c"
  2066 ;; Parameters:    Size  Location     Type
  2067 ;;  port            1    wreg     enum E2
  2068 ;;  pin             1    0[COMMON] enum E9
  2069 ;; Auto vars:     Size  Location     Type
  2070 ;;  port            1    3[COMMON] enum E2
  2071 ;;  bit_status      1    4[COMMON] _Bool 
  2072 ;; Return value:  Size  Location     Type
  2073 ;;                  1    wreg      enum E1442
  2074 ;; Registers used:
  2075 ;;		wreg, fsr0l, fsr0h, status,2, status,0
  2076 ;; Tracked objects:
  2077 ;;		On entry : 0/0
  2078 ;;		On exit  : 0/0
  2079 ;;		Unchanged: 0/0
  2080 ;; Data sizes:     COMMON   BANK0   BANK1   BANK3   BANK2
  2081 ;;      Params:         1       0       0       0       0
  2082 ;;      Locals:         2       0       0       0       0
  2083 ;;      Temps:          2       0       0       0       0
  2084 ;;      Totals:         5       0       0       0       0
  2085 ;;Total ram usage:        5 bytes
  2086 ;; Hardware stack levels used: 1
  2087 ;; This function calls:
  2088 ;;		Nothing
  2089 ;; This function is called by:
  2090 ;;		_main
  2091 ;; This function uses a non-reentrant model
  2092 ;;
  2093                           
  2094     041F                     _HAL_GPIO_ReadPin:	
  2095                           ;psect for function _HAL_GPIO_ReadPin
  2096                           
  2097                           
  2098                           ;incstack = 0
  2099                           ; Regs used in _HAL_GPIO_ReadPin: [wreg-fsr0h+status,2+status,0]
  2100                           ;HAL_GPIO_ReadPin@port stored from wreg
  2101     041F  00F3               	movwf	HAL_GPIO_ReadPin@port
  2102     0420                     l1114:
  2103                           
  2104                           ;hal/hal_gpio.c: 134:     switch (port) {
  2105     0420  2C8C               	goto	l1132
  2106     0421                     l1116:
  2107                           
  2108                           ;hal/hal_gpio.c: 136:             bit_status = (PORTA & (1 << pin)) ? 1 : 0;
  2109     0421  3001               	movlw	1
  2110     0422  00F1               	movwf	??_HAL_GPIO_ReadPin
  2111     0423  0A70               	incf	HAL_GPIO_ReadPin@pin,w
  2112     0424  2C27               	goto	u1234
  2113     0425                     u1235:
  2114     0425  1003               	clrc
  2115     0426  0DF1               	rlf	??_HAL_GPIO_ReadPin,f
  2116     0427                     u1234:
  2117     0427  3EFF               	addlw	-1
  2118     0428  1D03               	skipz
  2119     0429  2C25               	goto	u1235
  2120     042A  0871               	movf	??_HAL_GPIO_ReadPin,w
  2121     042B  1283               	bcf	3,5	;RP0=0, select bank0
  2122     042C  1303               	bcf	3,6	;RP1=0, select bank0
  2123     042D  0505               	andwf	5,w	;volatile
  2124     042E  1D03               	btfss	3,2
  2125     042F  2C31               	goto	u1241
  2126     0430  2C33               	goto	u1240
  2127     0431                     u1241:
  2128     0431  3001               	movlw	1
  2129     0432  2C34               	goto	u1250
  2130     0433                     u1240:
  2131     0433  3000               	movlw	0
  2132     0434                     u1250:
  2133     0434  00F4               	movwf	HAL_GPIO_ReadPin@bit_status
  2134                           
  2135                           ;hal/hal_gpio.c: 137:             break;
  2136     0435  2CA5               	goto	l1134
  2137     0436                     l1118:
  2138                           
  2139                           ;hal/hal_gpio.c: 139:             bit_status = (PORTB & (1 << pin)) ? 1 : 0;
  2140     0436  3001               	movlw	1
  2141     0437  00F1               	movwf	??_HAL_GPIO_ReadPin
  2142     0438  0A70               	incf	HAL_GPIO_ReadPin@pin,w
  2143     0439  2C3C               	goto	u1264
  2144     043A                     u1265:
  2145     043A  1003               	clrc
  2146     043B  0DF1               	rlf	??_HAL_GPIO_ReadPin,f
  2147     043C                     u1264:
  2148     043C  3EFF               	addlw	-1
  2149     043D  1D03               	skipz
  2150     043E  2C3A               	goto	u1265
  2151     043F  0871               	movf	??_HAL_GPIO_ReadPin,w
  2152     0440  1283               	bcf	3,5	;RP0=0, select bank0
  2153     0441  1303               	bcf	3,6	;RP1=0, select bank0
  2154     0442  0506               	andwf	6,w	;volatile
  2155     0443  1D03               	btfss	3,2
  2156     0444  2C46               	goto	u1271
  2157     0445  2C48               	goto	u1270
  2158     0446                     u1271:
  2159     0446  3001               	movlw	1
  2160     0447  2C49               	goto	u1280
  2161     0448                     u1270:
  2162     0448  3000               	movlw	0
  2163     0449                     u1280:
  2164     0449  00F4               	movwf	HAL_GPIO_ReadPin@bit_status
  2165                           
  2166                           ;hal/hal_gpio.c: 140:             break;
  2167     044A  2CA5               	goto	l1134
  2168     044B                     l1120:
  2169                           
  2170                           ;hal/hal_gpio.c: 142:             bit_status = (PORTC & (1 << pin)) ? 1 : 0;
  2171     044B  3001               	movlw	1
  2172     044C  00F1               	movwf	??_HAL_GPIO_ReadPin
  2173     044D  0A70               	incf	HAL_GPIO_ReadPin@pin,w
  2174     044E  2C51               	goto	u1294
  2175     044F                     u1295:
  2176     044F  1003               	clrc
  2177     0450  0DF1               	rlf	??_HAL_GPIO_ReadPin,f
  2178     0451                     u1294:
  2179     0451  3EFF               	addlw	-1
  2180     0452  1D03               	skipz
  2181     0453  2C4F               	goto	u1295
  2182     0454  0871               	movf	??_HAL_GPIO_ReadPin,w
  2183     0455  1283               	bcf	3,5	;RP0=0, select bank0
  2184     0456  1303               	bcf	3,6	;RP1=0, select bank0
  2185     0457  0507               	andwf	7,w	;volatile
  2186     0458  1D03               	btfss	3,2
  2187     0459  2C5B               	goto	u1301
  2188     045A  2C5D               	goto	u1300
  2189     045B                     u1301:
  2190     045B  3001               	movlw	1
  2191     045C  2C5E               	goto	u1310
  2192     045D                     u1300:
  2193     045D  3000               	movlw	0
  2194     045E                     u1310:
  2195     045E  00F4               	movwf	HAL_GPIO_ReadPin@bit_status
  2196                           
  2197                           ;hal/hal_gpio.c: 143:             break;
  2198     045F  2CA5               	goto	l1134
  2199     0460                     l1122:
  2200                           
  2201                           ;hal/hal_gpio.c: 145:             bit_status = (PORTD & (1 << pin)) ? 1 : 0;
  2202     0460  3001               	movlw	1
  2203     0461  00F1               	movwf	??_HAL_GPIO_ReadPin
  2204     0462  0A70               	incf	HAL_GPIO_ReadPin@pin,w
  2205     0463  2C66               	goto	u1324
  2206     0464                     u1325:
  2207     0464  1003               	clrc
  2208     0465  0DF1               	rlf	??_HAL_GPIO_ReadPin,f
  2209     0466                     u1324:
  2210     0466  3EFF               	addlw	-1
  2211     0467  1D03               	skipz
  2212     0468  2C64               	goto	u1325
  2213     0469  0871               	movf	??_HAL_GPIO_ReadPin,w
  2214     046A  1283               	bcf	3,5	;RP0=0, select bank0
  2215     046B  1303               	bcf	3,6	;RP1=0, select bank0
  2216     046C  0508               	andwf	8,w	;volatile
  2217     046D  1D03               	btfss	3,2
  2218     046E  2C70               	goto	u1331
  2219     046F  2C72               	goto	u1330
  2220     0470                     u1331:
  2221     0470  3001               	movlw	1
  2222     0471  2C73               	goto	u1340
  2223     0472                     u1330:
  2224     0472  3000               	movlw	0
  2225     0473                     u1340:
  2226     0473  00F4               	movwf	HAL_GPIO_ReadPin@bit_status
  2227                           
  2228                           ;hal/hal_gpio.c: 146:             break;
  2229     0474  2CA5               	goto	l1134
  2230     0475                     l1124:
  2231                           
  2232                           ;hal/hal_gpio.c: 148:             bit_status = (PORTE & (1 << pin)) ? 1 : 0;
  2233     0475  3001               	movlw	1
  2234     0476  00F1               	movwf	??_HAL_GPIO_ReadPin
  2235     0477  0A70               	incf	HAL_GPIO_ReadPin@pin,w
  2236     0478  2C7B               	goto	u1354
  2237     0479                     u1355:
  2238     0479  1003               	clrc
  2239     047A  0DF1               	rlf	??_HAL_GPIO_ReadPin,f
  2240     047B                     u1354:
  2241     047B  3EFF               	addlw	-1
  2242     047C  1D03               	skipz
  2243     047D  2C79               	goto	u1355
  2244     047E  0871               	movf	??_HAL_GPIO_ReadPin,w
  2245     047F  1283               	bcf	3,5	;RP0=0, select bank0
  2246     0480  1303               	bcf	3,6	;RP1=0, select bank0
  2247     0481  0509               	andwf	9,w	;volatile
  2248     0482  1D03               	btfss	3,2
  2249     0483  2C85               	goto	u1361
  2250     0484  2C87               	goto	u1360
  2251     0485                     u1361:
  2252     0485  3001               	movlw	1
  2253     0486  2C88               	goto	u1370
  2254     0487                     u1360:
  2255     0487  3000               	movlw	0
  2256     0488                     u1370:
  2257     0488  00F4               	movwf	HAL_GPIO_ReadPin@bit_status
  2258                           
  2259                           ;hal/hal_gpio.c: 149:             break;
  2260     0489  2CA5               	goto	l1134
  2261     048A                     l1126:
  2262                           
  2263                           ;hal/hal_gpio.c: 151:             return GPIO_LOW;
  2264     048A  3000               	movlw	0
  2265     048B  2CAC               	goto	l138
  2266     048C                     l1132:
  2267     048C  0873               	movf	HAL_GPIO_ReadPin@port,w
  2268     048D  00F1               	movwf	??_HAL_GPIO_ReadPin
  2269     048E  01F2               	clrf	??_HAL_GPIO_ReadPin+1
  2270                           
  2271                           ; Switch on 2 bytes has been partitioned into a top level switch of size 1, and 1 sub-sw
      +                          itches
  2272                           ; Switch size 1, requested type "simple"
  2273                           ; Number of cases is 1, Range of values is 0 to 0
  2274                           ; switch strategies available:
  2275                           ; Name         Instructions Cycles
  2276                           ; simple_byte            4     3 (average)
  2277                           ; direct_byte           11     8 (fixed)
  2278                           ; jumptable            260     6 (fixed)
  2279                           ;	Chosen strategy is simple_byte
  2280     048F  0872               	movf	??_HAL_GPIO_ReadPin+1,w
  2281     0490  3A00               	xorlw	0	; case 0
  2282     0491  1903               	skipnz
  2283     0492  2C94               	goto	l1270
  2284     0493  2C8A               	goto	l1126
  2285     0494                     l1270:
  2286                           
  2287                           ; Switch size 1, requested type "simple"
  2288                           ; Number of cases is 5, Range of values is 0 to 4
  2289                           ; switch strategies available:
  2290                           ; Name         Instructions Cycles
  2291                           ; simple_byte           16     9 (average)
  2292                           ; direct_byte           23     8 (fixed)
  2293                           ; jumptable            260     6 (fixed)
  2294                           ;	Chosen strategy is simple_byte
  2295     0494  0871               	movf	??_HAL_GPIO_ReadPin,w
  2296     0495  3A00               	xorlw	0	; case 0
  2297     0496  1903               	skipnz
  2298     0497  2C21               	goto	l1116
  2299     0498  3A01               	xorlw	1	; case 1
  2300     0499  1903               	skipnz
  2301     049A  2C36               	goto	l1118
  2302     049B  3A03               	xorlw	3	; case 2
  2303     049C  1903               	skipnz
  2304     049D  2C4B               	goto	l1120
  2305     049E  3A01               	xorlw	1	; case 3
  2306     049F  1903               	skipnz
  2307     04A0  2C60               	goto	l1122
  2308     04A1  3A07               	xorlw	7	; case 4
  2309     04A2  1903               	skipnz
  2310     04A3  2C75               	goto	l1124
  2311     04A4  2C8A               	goto	l1126
  2312     04A5                     l1134:
  2313                           
  2314                           ;hal/hal_gpio.c: 154:     return bit_status ? GPIO_HIGH : GPIO_LOW;
  2315     04A5  0874               	movf	HAL_GPIO_ReadPin@bit_status,w
  2316     04A6  1D03               	btfss	3,2
  2317     04A7  2CA9               	goto	u1381
  2318     04A8  2CAB               	goto	u1380
  2319     04A9                     u1381:
  2320     04A9  3001               	movlw	1
  2321     04AA  2CAC               	goto	u1390
  2322     04AB                     u1380:
  2323     04AB  3000               	movlw	0
  2324     04AC                     u1390:
  2325     04AC                     l138:
  2326     04AC  0008               	return
  2327     04AD                     __end_of_HAL_GPIO_ReadPin:
  2328     0002                     ___latbits      equ	2
  2329     007E                     btemp           set	126	;btemp
  2330     007E                     btemp0          set	126
  2331     007F                     btemp1          set	127
  2332     007E                     wtemp0          set	126
  2333     007F                     wtemp0a         set	127
  2334     007F                     ttemp0a         set	127
  2335     0080                     ltemp0a         set	128
  2336                           
  2337                           	psect	config
  2338                           
  2339                           ;Config register CONFIG1 @ 0x2007
  2340                           ;	Oscillator Selection bits
  2341                           ;	FOSC = HS, HS oscillator: High-speed crystal/resonator on RA6/OSC2/CLKOUT and RA7/OSC1
      +                          /CLKIN
  2342                           ;	Watchdog Timer Enable bit
  2343                           ;	WDTE = OFF, WDT disabled and can be enabled by SWDTEN bit of the WDTCON register
  2344                           ;	Power-up Timer Enable bit
  2345                           ;	PWRTE = ON, PWRT enabled
  2346                           ;	RE3/MCLR pin function select bit
  2347                           ;	MCLRE = ON, RE3/MCLR pin function is MCLR
  2348                           ;	Code Protection bit
  2349                           ;	CP = OFF, Program memory code protection is disabled
  2350                           ;	Data Code Protection bit
  2351                           ;	CPD = OFF, Data memory code protection is disabled
  2352                           ;	Brown Out Reset Selection bits
  2353                           ;	BOREN = ON, BOR enabled
  2354                           ;	Internal External Switchover bit
  2355                           ;	IESO = OFF, Internal/External Switchover mode is disabled
  2356                           ;	Fail-Safe Clock Monitor Enabled bit
  2357                           ;	FCMEN = OFF, Fail-Safe Clock Monitor is disabled
  2358                           ;	Low Voltage Programming Enable bit
  2359                           ;	LVP = OFF, RB3 pin has digital I/O, HV on MCLR must be used for programming
  2360                           ;	In-Circuit Debugger Mode bit
  2361                           ;	DEBUG = 0x1, unprogrammed default
  2362     2007                     	org	8199
  2363     2007  23E2               	dw	9186
  2364                           
  2365                           ;Config register CONFIG2 @ 0x2008
  2366                           ;	Brown-out Reset Selection bit
  2367                           ;	BOR4V = BOR40V, Brown-out Reset set to 4.0V
  2368                           ;	Flash Program Memory Self Write Enable bits
  2369                           ;	WRT = OFF, Write protection off
  2370     2008                     	org	8200
  2371     2008  3FFF               	dw	16383

Data Sizes:
    Strings     0
    Constant    0
    Data        0
    BSS         0
    Persistent  0
    Stack       0

Auto Spaces:
    Space          Size  Autos    Used
    COMMON           14      7       7
    BANK0            80      9       9
    BANK1            80      0       0
    BANK3            96      0       0
    BANK2            96      0       0

Pointer List with Targets:

    None.

Critical Paths under _main in COMMON

    _main->_HAL_GPIO_ReadPin
    _main->_HAL_GPIO_WritePin
    _System_GPIO_Config->_HAL_GPIO_SetDirection
    _System_GPIO_Config->_HAL_GPIO_WritePin

Critical Paths under _main in BANK0

    None.

Critical Paths under _main in BANK1

    None.

Critical Paths under _main in BANK3

    None.

Critical Paths under _main in BANK2

    None.

Call Graph Tables:

 ---------------------------------------------------------------------------------
 (Depth) Function   	        Calls       Base Space   Used Autos Params    Refs
 ---------------------------------------------------------------------------------
 (0) _main                                                11    11      0    1845
                                              5 COMMON     2     2      0
                                              0 BANK0      9     9      0
                   _HAL_GPIO_ReadPin
                  _HAL_GPIO_WritePin
                         _sys_config
 ---------------------------------------------------------------------------------
 (1) _sys_config                                           0     0      0    1019
                 _System_GPIO_Config
 ---------------------------------------------------------------------------------
 (2) _System_GPIO_Config                                   0     0      0    1019
              _HAL_GPIO_PullUpEnable
              _HAL_GPIO_SetDirection
                  _HAL_GPIO_WritePin
 ---------------------------------------------------------------------------------
 (3) _HAL_GPIO_WritePin                                    5     3      2     377
                                              0 COMMON     5     3      2
 ---------------------------------------------------------------------------------
 (3) _HAL_GPIO_SetDirection                                5     3      2     613
                                              0 COMMON     5     3      2
 ---------------------------------------------------------------------------------
 (3) _HAL_GPIO_PullUpEnable                                2     2      0      29
                                              0 COMMON     2     2      0
 ---------------------------------------------------------------------------------
 (1) _HAL_GPIO_ReadPin                                     5     4      1     176
                                              0 COMMON     5     4      1
 ---------------------------------------------------------------------------------
 Estimated maximum stack depth 3
 ---------------------------------------------------------------------------------

 Call Graph Graphs:

 _main (ROOT)
   _HAL_GPIO_ReadPin
   _HAL_GPIO_WritePin
   _sys_config
     _System_GPIO_Config
       _HAL_GPIO_PullUpEnable
       _HAL_GPIO_SetDirection
       _HAL_GPIO_WritePin

Address spaces:
Name               Size   Autos  Total    Usage
BITCOMMON           14      0       0      0.0%
BITBANK0            80      0       0      0.0%
BITBANK1            80      0       0      0.0%
BITBANK3            96      0       0      0.0%
BITBANK2            96      0       0      0.0%
COMMON              14      7       7     50.0%
BANK0               80      9       9     11.2%
BANK1               80      0       0      0.0%
BANK3               96      0       0      0.0%
BANK2               96      0       0      0.0%
STACK                0      0       0      0.0%
DATA                 0      0      16      0.0%


Microchip Technology PIC Macro Assembler V3.10 build 20250813170317 
Symbol Table                                                                                   Fri Aug 14 09:53:43 2026

                           l13 06B2                             l80 05F5                             l73 0594  
                           l99 0671                            l103 06AC                            l106 03B7  
                          l127 0572                            l151 03A7                            l138 04AC  
                          l154 041E                            l990 04D1                            l982 04AE  
                          l992 04D6                            l984 04AF                            l994 04E4  
                          l986 04B4                            l996 04F3                            l988 04C2  
                          l998 04F8                            u810 04B4                            u811 04B3  
                          u900 051A                            u901 0519                            u840 04D6  
                          u824 04BA                            u841 04D5                            u825 04B8  
                          u930 053C                            u914 0520                            u834 04C8  
                          u931 053B                            u915 051E                            u835 04C6  
                          u924 052E                            u925 052C                            u870 04F8  
                          u854 04DC                            u871 04F7                            u855 04DA  
                          u960 057B                            u944 0542                            u864 04EA  
                          u961 057A                            u945 0540                            u865 04E8  
                          u954 0550                            u955 054E                            u980 0590  
                          u884 04FE                            u981 058F                            u885 04FC  
                          u990 0599                            u974 0581                            u894 050C  
                          u991 0598                            u975 057F                            u895 050A  
                         l1000 0506                           l1010 053C                           l1002 0515  
                         l1012 054A                           l1004 051A                           l1100 03FE  
                         l1030 0590                           l1022 0574                           l1006 0528  
                         l1102 040E                           l1110 03A5                           l1120 044B  
                         l1040 05C0                           l1032 0599                           l1024 0575  
                         l1008 0537                           l1016 0559                           l1104 0418  
                         l1112 03A6                           l1200 07C8                           l1122 0460  
                         l1114 0420                           l1050 05DB                           l1042 05C5  
                         l1034 05A7                           l1026 057B                           l1106 039E  
                         l1202 07E2                           l1124 0475                           l1116 0421  
                         l1132 048C                           l1060 05FA                           l1052 05E0  
                         l1044 05CA                           l1036 05B6                           l1028 058A  
                         l1108 03A0                           l1204 07EB                           l1126 048A  
                         l1118 0436                           l1134 04A5                           l1070 0639  
                         l1062 0608                           l1054 05E6                           l1046 05D0  
                         l1038 05BB                           l1150 06F7                           l1142 06AD  
                         l1080 0676                           l1072 063E                           l1064 0617  
                         l1056 05EB                           l1048 05D5                           l1152 0700  
                         l1144 06E8                           l1082 0684                           l1074 064C  
                         l1066 061C                           l1058 05F1                           l1154 0707  
                         l1170 0753                           l1146 06ED                           l1092 03A9  
                         l1076 065B                           l1068 062A                           l1172 075A  
                         l1164 0722                           l1156 0714                           l1148 06F2  
                         l1270 0494                           l1094 03AC                           l1078 0661  
                         l1086 0693                           l1190 07AD                           l1182 0775  
                         l1174 0767                           l1166 073C                           l1158 071E  
                         l1096 03B8                           l1192 07BA                           l1184 078F  
                         l1176 0771                           l1168 0745                           l1266 0561  
                         l1098 03F8                           l1194 07C4                           l1186 0798  
                         l1268 069B                           l1188 07A6                           u1020 05BB  
                         u1004 059F                           u1021 05BA                           u1005 059D  
                         u1110 061C                           u1030 05C5                           u1014 05AD  
                         u1111 061B                           u1031 05C4                           u1015 05AB  
                         u1104 060E                           u1040 05D0                           u1105 060C  
                         u1041 05CF                           u1050 05DB                           u1051 05DA  
                         u1300 045D                           u1204 067C                           u1140 063E  
                         u1124 0622                           u1060 05E6                           u1301 045B  
                         u1205 067A                           u1141 063D                           u1125 0620  
                         u1061 05E5                           u1310 045E                           u1214 068A  
                         u1134 0630                           u1070 05F1                           u1215 0688  
                         u1135 062E                           u1071 05F0                           u1240 0433  
                         u1224 03B2                           u1080 05FA                           u1400 06C0  
                         u1241 0431                           u1225 03B0                           u1081 05F9  
                         u1401 06BE                           u1330 0472                           u1250 0434  
                         u1234 0427                           u1170 0661                           u1154 0644  
                         u1410 06C1                           u1331 0470                           u1235 0425  
                         u1171 0660                           u1155 0642                           u1340 0473  
                         u1324 0466                           u1164 0652                           u1500 0714  
                         u1420 06D2                           u1325 0464                           u1165 0650  
                         u1501 0713                           u1421 06D0                           u1270 0448  
                         u1190 0676                           u1094 0600                           u1510 073C  
                         u1430 06D3                           u1271 0446                           u1191 0675  
                         u1095 05FE                           u1511 073B                           u1360 0487  
                         u1280 0449                           u1264 043C                           u1184 0669  
                         u1600 07F8                           u1520 0752                           u1440 06E4  
                         u1361 0485                           u1265 043A                           u1185 0667  
                         u1601 07F7                           u1521 0751                           u1441 06E2  
                         u1370 0488                           u1354 047B                           u1530 075A  
                         u1450 06E5                           u1355 0479                           u1531 0759  
                         u1380 04AB                           u1540 0767                           u1460 06ED  
                         u1381 04A9                           u1541 0766                           u1461 06EC  
                         u1390 04AC                           u1294 0451                           u1550 078F  
                         u1470 06F2                           u1295 044F                           u1551 078E  
                         u1471 06F1                           u1560 07A5                           u1480 06F7  
                         u1561 07A4                           u1617 06FB                           u1481 06F6  
                         u1570 07AD                           u1490 0707                           u1571 07AC  
                         u1627 0726                           u1491 0706                           u1580 07BA  
                         u1581 07B9                           u1637 0779                           u1590 07E2  
                         u1591 07E1                           u1647 07CC                           _WPUB 0095  
__end_of_HAL_GPIO_SetDirection 06AD                           _main 06AD                           btemp 007E  
                         start 0000                          ?_main 0070                          _ANSEL 0188  
                        _PORTA 0005                          _PORTB 0006                          _PORTC 0007  
                        _PORTD 0008                          _PORTE 0009                          _TRISA 0085  
                        _TRISB 0086                          _TRISC 0087                          _TRISD 0088  
                        _TRISE 0089                          btemp0 007E                          btemp1 007F  
                        main@i 0020                          status 0003                          wtemp0 007E  
              __initialization 07FC                   __end_of_main 07FC             _System_GPIO_Config 03B8  
                       ??_main 0075            ?_System_GPIO_Config 0070                         _ANSELH 0189  
         ??_System_GPIO_Config 0075                         ltemp0a 0080                         ttemp0a 007F  
                       wtemp0a 007F        __end_of__initialization 07FC  __end_of_HAL_GPIO_PullUpEnable 03B8  
               __pcstackCOMMON 0070                 _OPTION_REGbits 0081                     __pmaintext 06AD  
             _HAL_GPIO_ReadPin 041F           HAL_GPIO_WritePin@pin 0070          _HAL_GPIO_SetDirection 0573  
                      __ptext1 039E                        __ptext2 03B8                        __ptext3 04AD  
                      __ptext4 0573                        __ptext5 03A8                        __ptext6 041F  
                      main@bt1 0026                        main@bt2 0027                        main@bt3 0028  
     HAL_GPIO_SetDirection@dir 0071       HAL_GPIO_SetDirection@pin 0070           end_of_initialization 07FC  
    HAL_GPIO_SetDirection@port 0074         ?_HAL_GPIO_SetDirection 0070         HAL_GPIO_WritePin@state 0071  
                   _sys_config 039E            start_initialization 07FC       __end_of_HAL_GPIO_ReadPin 04AD  
        _HAL_GPIO_PullUpEnable 03A8                      ___latbits 0002                  __pcstackBANK0 0020  
                  ?_sys_config 0070         ?_HAL_GPIO_PullUpEnable 0070              _HAL_GPIO_WritePin 04AD  
   HAL_GPIO_ReadPin@bit_status 0074             ?_HAL_GPIO_WritePin 0070            ??_HAL_GPIO_WritePin 0072  
        HAL_GPIO_WritePin@port 0074        ??_HAL_GPIO_SetDirection 0072       HAL_GPIO_PullUpEnable@pin 0071  
    __end_of_HAL_GPIO_WritePin 0573           HAL_GPIO_ReadPin@port 0073     __end_of_System_GPIO_Config 041F  
            ?_HAL_GPIO_ReadPin 0070             ??_HAL_GPIO_ReadPin 0071                       main@i_72 0022  
                     main@i_73 0024                     _INTCONbits 000B            HAL_GPIO_ReadPin@pin 0070  
                 ??_sys_config 0075        ??_HAL_GPIO_PullUpEnable 0070             __end_of_sys_config 03A8  
